1307630,0.4700,0.6895,0.4531,-3.5878,-6.4504,-13.2748
1307630,0.4761,0.6960,0.4539,-4.4504,-5.0992,-13.0076
1307640,0.4868,0.6997,0.4507,-4.8550,-3.5878,-12.5725
1307640,0.4961,0.7000,0.4451,-5.3740,-1.9466,-11.8702
1307650,0.4973,0.6985,0.4521,-5.6183,-0.0611,-10.8550
1307650,0.5076,0.7002,0.4517,-6.3740,1.5573,-10.1145
1307660,0.5046,0.6965,0.4551,-7.0382,3.6336,-9.0458
1307660,0.5081,0.7009,0.4526,-7.3206,5.5420,-7.6412
1307670,0.5129,0.6978,0.4529,-7.6718,7.2901,-6.3588
1307670,0.5190,0.6902,0.4529,-7.5954,9.0382,-4.4504
1307680,0.5383,0.6794,0.4680,-7.9466,10.7176,-2.8855
1307680,0.5525,0.6699,0.4810,-8.2748,11.8550,-0.7252
1307690,0.5447,0.6780,0.4951,-9.3893,12.6183,0.6870
1307690,0.5293,0.6711,0.4922,-10.0992,12.7023,1.9160
1307700,0.5205,0.6729,0.4907,-11.0840,13.0763,2.7863
1307700,0.5266,0.6868,0.4958,-12.0382,12.1527,3.9237
1307710,0.5410,0.6875,0.4890,-12.8550,10.9618,5.1374
1307710,0.5623,0.6892,0.4802,-13.1221,8.7710,6.4504
1307720,0.5903,0.6719,0.4756,-13.1756,7.3817,7.6031
1307720,0.6067,0.6616,0.4810,-12.7405,6.4427,8.5496
1307730,0.6360,0.6604,0.4802,-12.2748,6.2137,9.3130
1307730,0.6455,0.6619,0.4614,-11.8397,6.5420,10.0534
1307740,0.6584,0.6614,0.4495,-10.8702,7.7176,11.1527
1307740,0.6653,0.6575,0.4358,-9.9389,9.0916,11.5802
1307750,0.6689,0.6536,0.4351,-9.4275,11.1374,11.9008
1307750,0.6599,0.6606,0.4231,-10.0382,13.2290,11.8244
1307760,0.6416,0.6562,0.4106,-10.7557,14.7252,11.6336
1307760,0.6345,0.6489,0.3860,-11.9542,17.4809,10.6412
1307770,0.6084,0.6863,0.4038,-14.9008,17.9313,10.0000
1307770,0.5889,0.6536,0.3772,-17.2137,18.3511,9.1298
1307780,0.5920,0.6755,0.3853,-20.1527,18.4198,8.0687
1307780,0.5747,0.6672,0.3838,-22.2748,18.3511,6.9389
1307790,0.5754,0.6541,0.3862,-24.6641,17.0916,5.7786
1307790,0.5881,0.6660,0.4021,-26.6107,15.4122,4.8855
1307800,0.5977,0.6777,0.4397,-29.3740,12.7099,5.2901
1307800,0.5894,0.6658,0.4509,-32.4122,9.7099,4.3206
1307810,0.6292,0.6904,0.4905,-35.6794,5.7252,5.9695
1307810,0.6147,0.6545,0.5083,-39.0611,2.1221,6.5496
1307820,0.6414,0.6252,0.5132,-39.8779,-0.7328,7.9542
1307820,0.6531,0.5669,0.5652,-41.5115,-4.3435,9.1756
1307830,0.6687,0.5383,0.6069,-43.4275,-6.0611,10.4351
1307830,0.6929,0.4902,0.6416,-46.7252,-9.1679,12.6031
1307840,0.6709,0.4370,0.6594,-48.9008,-9.7405,13.9160
1307840,0.7073,0.3950,0.6553,-49.1832,-9.0916,15.1908
1307850,0.7070,0.3608,0.6589,-49.0458,-8.3511,16.7634
1307850,0.7097,0.3035,0.6858,-48.9084,-7.4504,17.2824
1307860,0.7148,0.2891,0.7007,-49.1603,-6.8550,17.8550
1307860,0.7373,0.3057,0.7102,-50.5954,-6.3435,19.3282
1307870,0.7512,0.2983,0.6931,-51.8244,-5.5802,20.8702
1307870,0.7642,0.3113,0.6899,-52.5725,-6.0687,21.0916
1307880,0.7744,0.3347,0.6499,-51.9008,-5.2824,22.0840
1307880,0.7771,0.3525,0.6160,-49.8473,-3.3130,23.2672
1307890,0.7756,0.3611,0.5984,-47.3817,-1.1832,23.8015
1307890,0.7712,0.3843,0.5891,-46.5649,1.0000,23.9542
1307900,0.7578,0.3806,0.5684,-45.7939,3.4809,23.6794
1307900,0.7197,0.3928,0.5442,-45.5420,6.8244,22.4733
1307910,0.6973,0.4221,0.5505,-45.3435,9.3435,20.3282
1307910,0.6599,0.4402,0.5471,-45.7176,11.6183,18.4351
1307920,0.6387,0.4504,0.5488,-46.3969,12.7863,15.2366
1307920,0.6174,0.4631,0.5479,-47.1450,12.8931,11.9389
1307930,0.6050,0.4792,0.5498,-48.1145,11.1221,7.9237
1307930,0.5967,0.5073,0.5647,-48.5344,9.2290,4.1145
1307940,0.5713,0.4854,0.5586,-49.1298,4.0687,0.9008
1307940,0.5801,0.5659,0.5796,-50.0992,-0.3893,-1.7023
1307950,0.5527,0.5457,0.5820,-50.2672,-6.9389,-3.6031
1307950,0.5388,0.5271,0.5908,-50.2672,-13.8397,-6.6107
1307960,0.5352,0.5388,0.6008,-49.8321,-20.1985,-8.6336
1307960,0.5229,0.5042,0.5964,-49.5115,-25.4656,-10.5954
1307970,0.5195,0.5122,0.6111,-48.6183,-29.1985,-12.0992
1307980,0.5100,0.4824,0.6106,-47.1603,-31.5573,-14.2290
1307980,0.5193,0.4800,0.6067,-45.3359,-31.4962,-14.4351
1307990,0.5168,0.4719,0.6138,-43.2595,-29.2824,-15.3664
1307990,0.5071,0.4658,0.6135,-41.4198,-25.7176,-15.4504
1308000,0.5061,0.4604,0.5854,-38.8931,-20.5878,-15.7176
1308000,0.5164,0.4734,0.5791,-35.9847,-15.8855,-15.7252
1308010,0.4978,0.4558,0.5361,-31.9313,-10.9924,-15.3053
1308010,0.4919,0.4500,0.5647,-30.1832,-7.9695,-15.3130
1308020,0.4941,0.4438,0.5278,-25.8397,-4.8779,-15.1145
1308020,0.5278,0.4458,0.5037,-22.6947,-2.8244,-14.9237
1308030,0.5090,0.4519,0.5276,-20.2214,-2.3740,-15.2977
1308030,0.5137,0.4336,0.4988,-15.8626,-2.1298,-14.5573
1308040,0.5466,0.4216,0.4473,-12.4427,-2.2061,-15.2672
1308040,0.5305,0.4080,0.4817,-9.0534,-4.9237,-15.0000
1308050,0.5461,0.4131,0.4607,-7.2137,-7.8397,-15.9160
1308050,0.5405,0.4109,0.4678,-5.0916,-9.7405,-16.6641
1308060,0.5554,0.4429,0.4500,-3.4351,-12.0153,-16.8473
1308060,0.5530,0.4360,0.4458,-1.8931,-11.5115,-17.9008
1308070,0.5347,0.4358,0.4412,-0.4580,-10.8855,-19.2672
1308070,0.5264,0.4585,0.4622,1.1221,-9.7405,-20.1069
1308080,0.5149,0.4727,0.4597,2.4504,-6.7099,-21.4962
1308080,0.5137,0.4915,0.4719,2.9771,-4.1756,-22.9542
1308090,0.5046,0.5103,0.4624,2.4427,-0.5344,-24.3359
1308090,0.4919,0.5122,0.4587,2.4046,3.8321,-25.9695
1308100,0.5061,0.5181,0.4399,4.3740,7.0534,-28.3053
1308100,0.5156,0.5237,0.4272,7.1298,9.2214,-29.6870
1308110,0.5349,0.5447,0.4189,10.8092,11.0916,-30.8473
1308110,0.5352,0.5493,0.4189,15.1221,12.7939,-31.3664
1308120,0.5425,0.5542,0.4246,19.7252,14.6489,-32.1221
1308120,0.5574,0.5581,0.4319,23.8015,17.1069,-33.2443
1308130,0.5796,0.5625,0.4417,27.5802,20.3206,-34.2443
1308140,0.5974,0.5754,0.4570,30.8321,23.4427,-35.0763
1308140,0.6326,0.5852,0.4617,33.8626,26.0076,-36.7557
1308150,0.6704,0.6104,0.4739,38.3893,27.3130,-38.1450
1308150,0.7334,0.6580,0.4888,43.3969,28.2443,-39.4580
1308160,0.7971,0.6982,0.4697,49.1145,28.9237,-40.2443
1308160,0.8550,0.7451,0.4165,54.5725,31.4809,-40.2595
1308170,0.9321,0.7881,0.3169,61.5420,36.1527,-39.9237
1308170,0.9905,0.8359,0.2637,68.6641,42.2824,-40.0916
1308180,1.0586,0.9236,0.2312,76.6565,48.3435,-40.5344
1308180,1.1084,1.0471,0.2219,87.1374,50.4504,-40.8855
1308190,1.1062,1.1230,0.2700,99.6947,48.9313,-42.1603
1308190,1.0720,1.1768,0.3901,108.1069,42.8244,-47.2595
1308200,1.0200,1.2109,0.4961,110.8702,35.0000,-54.8855
1308200,0.9338,1.2190,0.5413,112.3359,30.2748,-64.5267
1308210,0.8113,1.2268,0.5254,119.5649,26.8473,-72.0076
1308210,0.6689,1.2161,0.4568,134.7099,22.6336,-78.4275
1308220,0.4692,1.2007,0.4458,156.0763,17.1450,-87.2443
1308220,0.1299,1.1558,0.4534,179.7328,14.0000,-97.3969
1308230,-0.2395,1.1484,0.4666,196.0687,10.6336,-111.3511
1308230,-0.4902,1.1731,0.3132,209.8168,7.0916,-120.3893
1308240,-0.4102,1.2900,-0.0376,226.8321,7.1679,-98.7786
1308240,-0.7861,0.9988,-0.0984,250.1298,9.4733,-84.6870
1308250,-0.9182,0.8047,0.1230,250.1298,-22.8168,-76.5725
1308250,-0.9441,0.8281,0.2678,250.1298,-45.4504,-63.1069
1308260,-0.9795,0.6250,0.6069,244.2977,-77.6336,-49.7405
1308270,-0.9177,0.3994,0.1699,229.0611,-54.2595,-46.4122
1308270,-1.0266,0.3853,0.1897,209.1450,18.9618,-55.7099
1308280,-1.3787,0.2334,0.5188,182.4046,119.7252,-91.0000
1308280,-1.6453,0.1313,0.6768,148.4275,202.9618,-132.3969
1308290,-1.6414,0.1045,0.8611,129.4046,240.4886,-161.7634
1308290,-1.2363,0.2842,0.8262,125.6412,250.1298,-174.5038
1308300,-1.2271,0.1526,1.2820,132.4886,207.5343,-174.3588
1308300,-0.9980,0.2375,1.3240,136.7863,122.1145,-159.4809
1308310,-0.4465,0.3340,0.8115,154.2672,68.3740,-126.4885
1308310,0.0110,0.5291,0.8477,154.1985,44.2748,-87.0000
1308320,0.6750,1.0017,0.5459,129.4886,43.6641,-26.3740
1308320,1.7124,1.8091,0.0962,120.8550,94.4580,71.1450
1308330,1.4111,1.4287,1.2507,80.1603,140.8550,150.2748
1308330,1.3264,0.9568,1.8062,48.4733,157.9160,180.8244
1308340,1.8345,0.9656,1.6541,27.4580,250.1298,199.8473
1308350,1.5640,0.7620,1.5557,16.0534,250.1298,224.3969
1308350,1.0310,0.9709,1.5286,23.4580,250.1298,224.6870
1308360,0.6948,1.3633,1.2571,40.5267,250.1298,217.2748
1308360,0.3503,1.4863,0.9902,78.3588,250.1298,203.8244
1308370,0.2747,1.7197,0.9753,108.0763,250.1298,185.7023
1308370,0.3440,1.4526,0.9907,95.0916,250.1298,168.6336
1308380,0.2598,1.1587,1.4900,87.5038,250.1298,145.0763
1308380,0.6887,1.0156,1.6726,93.8168,250.1298,127.0840
1308390,1.5239,1.0139,1.2532,113.1603,250.1298,127.0611
1308390,1.9653,1.0437,1.2200,126.5496,250.1298,135.4351
1308400,1.9999,1.0725,1.4548,130.6260,250.1298,122.7557
1308400,1.9999,1.2825,1.7754,126.0229,250.1298,87.8397
1308410,1.9999,1.6328,1.9999,121.3053,250.1298,69.6947
1308410,1.9999,1.7466,1.9999,110.1450,250.1298,46.5191
1308420,1.9999,1.9143,1.9999,118.4809,240.2824,26.2748
1308420,1.9999,1.9999,1.9999,132.3512,188.1832,25.6031
1308430,1.8174,1.9999,1.9999,153.5114,132.3588,54.1985
1308430,1.5940,1.6702,1.9209,177.7023,111.0458,52.7405
1308440,1.5063,1.6094,1.9999,198.2595,71.2290,57.0458
1308440,1.4709,1.4314,1.8616,220.6641,32.7099,53.2214
1308450,1.4172,1.3691,1.6863,242.5802,24.0916,42.6107
1308450,1.3176,1.4082,1.8723,250.1298,10.5115,37.4275
1308460,0.9185,1.2922,1.8569,250.1298,-15.8321,19.1832
1308470,0.6389,1.3735,1.6177,245.9160,-25.8244,-3.9389
1308470,0.3955,1.4517,1.7793,237.2290,-30.2977,-21.7786
1308480,0.3228,1.3870,1.8572,216.1298,-31.9313,-32.9771
1308480,0.1763,1.0535,1.9883,165.2137,-39.4580,-37.1832
1308490,0.1548,0.8801,1.7180,111.9924,-48.5725,-38.0229
1308490,0.1235,0.7527,1.5391,81.0382,-58.8931,-33.3664
1308500,0.2432,0.6089,1.2705,59.6565,-79.6336,-24.5496
1308500,0.2549,0.3552,0.9990,35.9237,-113.0305,-16.6107
1308510,0.2607,0.1919,0.7664,15.1298,-139.5496,-16.8702
1308510,0.2363,0.0916,0.6323,-0.6870,-154.5038,-24.2748
1308520,0.2117,0.0056,0.6003,-15.5496,-159.8397,-35.4733
1308520,0.2310,-0.1450,0.5640,-29.8931,-156.2366,-49.8397
1308530,0.2312,-0.3833,0.6289,-43.1679,-137.5954,-72.0000
1308530,0.2112,-0.5786,0.6433,-55.7634,-115.6412,-92.7023
1308540,0.2136,-0.7825,0.7866,-66.2672,-98.9466,-109.7863
1308540,0.2576,-0.8970,0.9136,-78.8168,-92.1374,-118.4122
1308550,0.3687,-0.9683,1.0071,-96.7710,-92.9160,-121.9847
1308560,0.5195,-1.0452,0.9988,-112.3740,-98.6412,-123.1450
1308560,0.6064,-0.9802,0.9958,-130.8397,-108.6565,-118.1603
1308570,0.6191,-0.8938,0.8955,-144.4657,-114.9160,-111.3893
1308570,0.7173,-0.7017,0.7549,-155.7863,-107.5115,-101.4809
1308580,0.6873,-0.3774,0.7446,-164.5114,-99.7863,-86.5954
1308580,0.7112,-0.2346,0.6899,-162.4427,-89.9389,-60.7557
1308590,0.5977,-0.1763,0.6038,-158.0534,-68.7786,-33.1603
1308590,0.4294,-0.0488,0.4060,-146.8855,-23.0382,-17.1527
1308600,0.2390,0.1550,0.4968,-140.9771,8.4198,-6.8702
1308610,0.0164,0.3794,0.3257,-142.8168,29.6260,-1.5344
1308610,-0.0435,0.5903,0.0715,-149.8931,64.5343,-3.0458
1308620,-0.2424,0.6128,0.1572,-155.5573,79.0458,-1.6260
1308620,-0.4504,0.5266,-0.1206,-153.1756,84.7481,-2.6947
1308630,-0.6255,0.4424,-0.2036,-155.9084,92.1221,-0.7099
1308630,-0.7734,0.3303,-0.3066,-148.3435,89.0153,2.5573
1308640,-1.0530,0.1460,-0.1531,-147.3053,73.7176,0.1221
1308640,-1.2935,0.0652,0.0581,-159.0000,51.8779,-14.7176
1308650,-1.3359,-0.0532,-0.3745,-153.9771,41.1374,-31.0992
1308650,-1.3765,0.0271,-0.5806,-121.3893,51.2901,-47.0000
1308660,-1.6396,-0.0286,-0.1882,-99.4275,55.4580,-75.9542
1308660,-1.7498,0.0454,0.3301,-119.6794,40.6183,-111.4962
1308670,-1.6528,-0.0354,1.3560,-146.6107,-73.5038,-143.9847
1308680,-1.1531,0.1399,1.7083,-189.6565,-197.4962,-138.7176
1308680,-0.5422,0.5710,1.9314,-235.8779,-250.1374,-103.2137
1308690,-0.3735,0.8347,1.6133,-250.1374,-250.1374,-66.4198
1308690,-0.0811,1.2549,1.2285,-250.1374,-250.1374,-12.0076
1308700,0.9292,1.9999,-0.1223,-212.8473,-250.1374,107.5420
1308700,-0.4341,1.9999,0.4260,-210.3130,-250.1374,148.0534
1308710,-0.0134,1.9999,1.9999,-217.9313,-250.1374,91.4427
1308710,1.6370,1.9999,1.9999,-175.5802,-250.1374,9.2824
1308720,1.9999,1.9999,0.5535,-219.6183,-250.1374,-28.8244
1308730,1.9999,1.9999,-0.0154,-169.0076,-94.3053,16.2595
1308730,1.9999,1.9999,1.9999,-250.1374,-34.9160,35.8397
1308740,1.9999,1.9999,-0.0701,-250.1374,58.0076,117.6565
1308740,1.4087,-0.0142,-1.9116,-250.1374,101.4427,155.3740
1308750,1.1606,-1.0410,-2.0000,-250.1374,190.0534,177.0382
1308750,1.0874,-0.6357,-1.6208,-186.3740,184.2443,160.2290
1308760,1.5647,0.0278,0.1699,-147.0153,111.1069,182.4962
1308760,1.9192,0.6602,1.0178,-118.3740,44.9008,200.5114
1308770,1.6294,0.8623,1.9999,-134.9847,-83.8550,169.3893
1308770,1.9941,1.0286,1.5320,-149.0305,-164.7557,159.5114
1308780,1.9451,0.9229,0.9446,-138.4427,-134.6870,164.9237
1308780,1.6721,0.8293,1.1531,-130.6947,-89.5420,157.2519
1308790,1.4629,0.9548,1.4055,-121.7786,-82.8168,141.9542
1308800,1.3870,0.9863,1.4556,-107.9847,-107.0763,136.6412
1308800,1.2754,0.8354,1.0930,-84.9924,-139.5038,143.9847
1308810,1.2031,0.5767,0.6301,-63.0229,-137.2519,148.6488
1308810,0.9636,0.5420,0.3567,-60.9695,-96.4733,142.4809
1308820,0.2539,0.7234,0.5305,-83.2061,-58.7710,120.4504
1308820,-0.3682,0.8352,0.5049,-110.4885,-43.4733,86.5878
1308830,-1.0000,0.8992,0.3713,-133.6794,-34.2595,52.7252
1308830,-1.3188,0.9446,0.1204,-139.7099,-22.3969,21.5114
1308840,-1.4233,1.1272,0.0281,-137.5420,-12.1298,-0.5802
1308840,-1.4329,1.2305,-0.2126,-124.4657,-21.3130,-12.0916
1308850,-1.5132,0.9402,-0.7644,-90.5802,-32.3740,-19.1527
1308860,-1.2642,1.0371,-1.2271,-56.1298,-28.5344,-19.1603
1308860,-1.4795,0.6750,-1.8496,-4.7328,-3.4198,-11.1527
1308870,-1.9910,0.3669,-1.5227,35.0153,21.8397,-17.6031
1308870,-2.0000,0.3596,-1.1401,82.1221,-14.8550,-34.3511
1308880,-2.0000,0.2693,-1.0564,142.6794,-70.7939,-44.1908
1308880,-2.0000,-0.0420,-0.6362,190.0458,-106.5420,-46.6260
1308890,-1.5508,-0.3948,0.0522,208.9618,-121.8626,-56.4962
1308890,-0.9236,-0.6226,0.4695,203.7863,-110.8702,-57.2672
1308900,-0.7114,-0.7039,0.4829,198.1527,-81.3664,-56.3740
1308900,-0.3779,-0.6414,0.4534,190.0076,-48.7405,-50.3817
1308910,-0.2031,-0.6575,0.4377,179.2519,-24.5496,-42.2672
1308920,0.0518,-0.5344,0.4194,161.5343,-3.4656,-38.1679
1308920,0.2205,-0.4758,0.3650,142.5267,19.4733,-30.7634
1308930,0.3325,-0.4458,0.4236,126.3053,37.7863,-24.5267
1308930,0.5095,-0.3931,0.4941,112.9084,51.0229,-14.8092
1308940,0.6194,-0.3083,0.5967,101.5191,52.6565,-0.4122
1308940,0.5540,-0.2981,0.5955,88.6183,44.1298,8.9466
1308950,0.4995,-0.3027,0.5598,75.9084,34.6947,9.8931
1308950,0.4539,-0.2751,0.5562,63.7786,23.3053,11.7023
1308960,0.4136,-0.2529,0.4312,55.5954,13.6260,11.2672
1308960,0.5012,-0.2070,0.2634,50.4504,13.8702,11.5802
1308970,0.5247,-0.1880,0.0769,52.4580,25.0763,14.5038
1308970,0.5203,-0.0901,0.0715,50.5420,37.0763,14.8855
1308980,0.4570,-0.0293,0.0461,40.8779,58.7557,15.5267
1308980,0.5361,0.0615,0.0896,25.9008,72.6107,14.4046
1308990,0.5178,0.0430,0.1084,4.5878,81.2519,14.3588
1308990,0.4617,0.0552,0.0857,-11.7863,69.4809,7.3130
1309000,0.6343,0.0642,-0.1509,-20.0534,54.7481,11.2061
1309000,0.6023,0.1167,-0.2595,-30.7252,50.9542,11.3130
1309010,0.7041,0.3252,-0.6013,-41.8779,52.2595,15.6794
1309010,0.4158,0.9438,-2.0000,12.1679,115.3359,17.5420
1309020,0.0842,1.9999,-1.2690,15.7405,220.1069,3.6565
1309020,-0.1577,1.9999,0.9070,-61.7939,132.4962,-9.1756
1309030,0.4338,1.9999,-0.2556,-36.8855,123.5802,-37.0382
1309030,1.2832,1.9999,-0.6592,21.7557,59.2214,-36.2672
1309040,1.3599,1.9999,0.3899,38.1069,37.4351,-47.2290
1309040,1.9971,1.9999,1.0166,-55.7710,133.5954,-72.0687
1309050,0.6050,1.9999,1.9999,-119.7481,178.6183,-132.9771
1309060,0.2244,1.9999,1.1509,-115.4657,100.2672,-153.0305
1309060,0.4246,1.9999,1.0938,-139.2290,66.0153,-106.9542
1309070,0.2700,1.9999,0.9373,-176.0916,21.4122,-68.6718
1309070,0.8765,1.7234,0.8003,-151.7863,-52.8092,-25.7023
1309080,1.5149,1.5225,0.5283,-114.5191,-84.7786,23.3969
1309080,1.9999,1.2295,0.6216,-93.2672,-70.7176,53.2748
1309090,1.7173,0.6230,1.4448,-97.1298,-102.4962,45.9237
1309090,1.9999,0.2368,1.0833,-104.6183,-89.4427,15.9695
1309100,1.9707,-0.1296,0.7639,-82.4733,-76.3969,-16.3511
1309100,1.7441,-0.5806,0.3171,-42.9160,-8.7481,-50.6489
1309110,1.6477,-0.3606,0.7012,2.0000,58.8779,-66.1069
1309110,1.2632,-0.1367,1.5542,41.7405,56.7786,-66.7481
1309120,1.3621,0.0515,1.8298,78.2290,27.2214,-73.4962
1309120,1.3303,0.0620,1.9999,117.3435,7.9237,-75.5878
1309130,1.3501,0.3733,1.9999,150.9924,9.5191,-80.4504
1309130,1.2490,0.6829,1.9060,179.8931,18.4351,-92.8092
1309140,1.1885,1.0388,1.8093,203.0534,32.3359,-98.1374
1309140,0.9819,1.0986,1.5513,220.4198,34.2672,-97.4275
1309150,0.8218,1.0630,1.1030,245.4733,54.4580,-84.0687
1309150,0.5750,0.9153,0.8049,250.1298,93.1374,-70.0305
1309160,0.4038,0.8289,0.5457,250.1298,137.8473,-54.9695
1309170,0.2151,0.8386,0.4426,250.1298,170.0229,-41.2595
1309170,0.0740,0.9553,0.1858,250.1298,190.8168,-33.7176
1309180,-0.2666,1.0205,-0.0569,250.1298,166.8397,-26.1374
1309180,-0.4397,0.4939,-0.7412,250.1298,156.7634,-33.2977
1309190,-0.7419,0.1365,-0.7258,250.1298,164.7863,-52.1450
1309190,-0.8909,-0.2019,-0.6816,250.1298,145.6641,-84.0076
1309200,-0.7588,-0.3428,-0.6860,223.5114,130.7710,-108.2214
1309200,-0.6912,-0.4456,-0.4197,194.8779,102.0458,-110.7252
1309210,-0.5903,-0.5310,-0.2688,169.9466,80.6489,-102.6947
1309210,-0.4775,-0.5100,-0.2419,148.7176,76.7252,-89.7405
1309220,-0.3916,-0.4453,-0.1780,136.0992,79.1756,-70.9771
1309230,-0.2986,-0.3193,-0.0391,127.7939,85.2443,-52.2443
1309230,-0.1658,-0.2502,0.0015,122.0153,95.1527,-31.2824
1309240,-0.0825,-0.2983,0.1765,113.3740,102.5267,-14.9237
1309240,0.0742,-0.3145,0.2722,107.5954,119.9542,1.6794
1309250,0.1033,-0.3713,0.5205,98.2901,142.9237,19.1679
1309250,0.0161,-0.4619,0.7896,75.9313,137.7099,29.3435
1309260,0.2170,-0.4741,0.7031,61.4504,139.4657,44.7481
1309260,0.2856,-0.5630,0.7412,47.6336,145.8626,60.0458
1309270,0.3262,-0.5688,0.7595,38.2977,139.0840,74.9466
1309270,0.3481,-0.6367,0.7278,29.1756,123.1450,93.8626
1309280,0.3318,-0.6868,0.6445,16.6107,113.0687,107.1908
1309280,0.1343,-0.6982,0.7065,3.4122,100.5038,116.1145
1309290,-0.0168,-0.6592,0.7085,-15.0763,81.7328,120.3130
1309290,-0.2163,-0.6123,0.6077,-30.5725,57.2977,121.3282
1309300,-0.1880,-0.3936,0.4355,-42.4046,37.7481,123.3740
1309310,-0.2153,-0.3318,0.2292,-50.0840,24.4275,126.8550
1309310,-0.2036,-0.3411,0.0371,-52.5954,13.3282,127.1756
1309320,-0.1306,-0.2483,-0.0300,-58.0916,2.9160,128.2061
1309320,-0.1323,-0.2048,-0.0564,-69.9084,-10.1374,122.6794
1309330,-0.0493,-0.1572,-0.1453,-82.7557,-21.2290,115.0000
1309330,0.0486,-0.1128,-0.2280,-89.0000,-28.3740,109.9771
1309340,0.1150,-0.0957,-0.3545,-90.3893,-24.7786,104.7863
1309340,0.1768,-0.1294,-0.4487,-85.3359,-17.8473,102.0305
1309350,0.2151,-0.1426,-0.4238,-78.0229,-13.1221,101.1527
1309350,0.2434,-0.0962,-0.3228,-79.3282,-12.1679,101.8397
1309360,0.2598,-0.0242,-0.2903,-84.7252,-6.6641,106.1145
1309370,0.2493,0.0154,-0.2478,-84.5878,-2.3053,115.7405
1309370,0.1501,0.1509,-0.4299,-79.7557,-3.4580,124.1832
1309380,0.0999,0.2649,-0.3376,-83.8550,-28.1069,126.0305
1309380,0.0847,0.3657,-0.1987,-105.4809,-61.3130,121.3282
1309390,0.1169,0.6206,0.0417,-136.7863,-116.9618,105.3282
1309390,0.8103,1.2468,-0.3008,-151.6947,-179.5114,119.3435
1309400,1.9999,1.9999,-1.4390,-125.5115,-149.4657,204.2366
1309400,0.4600,1.9999,1.9999,-195.6412,-133.5573,221.5420
1309410,0.7612,1.9999,1.9999,-250.1374,-203.2290,173.0458
1309410,1.9999,1.9999,1.9999,-250.1374,-31.3740,193.9618
1309420,1.9999,1.9999,1.9999,-250.1374,94.3817,59.0916
1309420,1.9999,1.9999,1.9999,-250.1374,175.0076,-158.0840
1309430,1.9999,1.9999,-1.6738,-250.1374,-34.1603,-198.1221
1309440,1.9999,1.9999,-2.0000,-144.7405,-119.1679,-136.6488
1309440,1.0764,1.9999,-2.0000,49.2595,-80.6870,-105.7710
1309450,0.9856,1.9999,-1.2029,50.4885,35.9695,-8.1145
1309450,-0.1638,1.7573,0.4177,-108.9618,74.4885,18.9542
1309460,0.2424,0.6299,0.2639,-171.8321,-12.0687,22.3130
1309460,1.0588,0.3279,-0.4082,-219.0382,-45.6947,40.6947
1309470,1.6182,-0.0557,-0.7600,-239.9542,-10.9084,53.7252
1309470,1.8047,-0.5107,-0.5662,-248.3130,41.5878,16.0687
1309480,1.9999,-0.6985,-0.2439,-250.1374,74.0076,-27.0382
1309480,1.9999,-0.9270,0.0127,-250.1374,44.8321,-78.6031
1309490,1.9999,-1.0352,0.5083,-250.1374,-29.6565,-110.8473
1309500,1.9999,-0.9761,-0.1101,-242.8550,-56.9389,-109.8550
1309500,1.9999,-1.1501,-0.0178,-202.0534,-130.0458,-95.5649
1309510,1.9999,-1.1023,0.1011,-165.7786,-174.7252,-79.4504
1309510,1.9404,-0.7156,-0.1604,-120.2977,-176.3206,-60.2748
1309520,1.3374,-0.2449,0.1672,-79.7786,-180.7634,-35.8244
1309520,0.7729,0.1780,0.2192,-45.0992,-199.3512,-17.9542
1309530,0.4890,0.4341,0.1663,-15.2366,-200.4122,-6.0076
1309530,0.0842,0.5298,0.2429,5.2366,-188.1603,-9.0916
1309540,-0.2092,0.8311,0.4902,11.8779,-164.8321,-19.7328
1309540,-0.4636,0.9875,0.6931,8.8931,-127.3969,-30.2977
1309550,-0.8784,0.9783,0.9661,0.5725,-104.4733,-46.6718
1309550,-1.0942,1.0393,1.0325,-7.8779,-98.7023,-63.7099
1309560,-1.0925,0.9541,1.0410,-7.3282,-93.1145,-74.2137
1309570,-1.1211,0.8181,1.2056,-6.1298,-102.4046,-82.9313
1309570,-0.8738,0.7766,1.1033,-4.5420,-129.6947,-83.9847
1309580,-0.7593,0.6882,0.8613,0.1908,-147.5114,-87.0611
1309580,-0.6567,0.5457,0.5840,3.4504,-152.4962,-92.2061
1309590,-0.4954,0.4199,0.3330,4.4962,-154.1145,-97.0076
1309590,-0.3242,0.2566,-0.1599,-1.4962,-135.0382,-102.7939
1309600,-0.2646,-0.0366,-0.7136,-4.7710,-93.4198,-112.4046
1309600,-0.2815,-0.2588,-0.7224,-4.1527,-61.7634,-119.7786
1309610,-0.1880,-0.5071,-0.5168,-20.3359,-37.5802,-122.2290
1309610,-0.1594,-0.7749,-0.1257,-31.7405,-38.0000,-121.7405
1309620,-0.0439,-0.8330,0.0664,-36.8550,-51.7252,-115.3893
1309630,-0.0801,-0.9121,0.2588,-45.1832,-61.7557,-107.7634
1309630,0.1421,-1.1011,0.1199,-46.3359,-62.0611,-90.7328
1309640,0.0964,-1.3196,0.1221,-32.0840,-58.8321,-73.2214
1309640,0.0342,-1.3120,0.1277,-20.6870,-67.9008,-63.1221
1309650,0.0623,-1.2249,0.2639,-21.5725,-66.2061,-56.4656
1309650,0.0779,-1.0569,0.4268,-30.1756,-96.0305,-43.9618
1309660,0.1711,-0.8938,0.3091,-38.6718,-123.3053,-29.8626
1309660,0.2681,-0.7598,0.0986,-41.0153,-136.6183,-16.7557
1309670,0.3337,-0.6562,-0.0127,-37.3053,-140.0000,-2.3359
1309670,0.2915,-0.6252,-0.0078,-27.5573,-140.0458,11.7481
1309680,0.2378,-0.5979,0.1218,-20.6336,-140.0992,20.1069
1309690,0.3296,-0.4924,0.4075,-16.2214,-142.7481,19.9008
1309690,0.4692,-0.5059,0.6299,-9.7634,-153.0229,29.3206
1309700,0.6824,-0.5029,0.5071,-5.4198,-156.4046,37.5878
1309700,0.9199,-0.4219,0.1565,-4.8092,-118.2672,55.0229
1309710,0.9573,-0.4812,0.0076,-4.4046,-56.9542,68.8626
1309710,1.2622,-0.4395,0.1155,-4.3206,25.9847,74.1679
1309720,1.7554,-0.1958,0.2498,-13.4580,113.9313,84.4122
1309720,1.5640,0.4758,-0.7727,-2.2748,246.5573,84.2443
1309730,1.9999,1.1543,1.1553,-18.9542,250.1298,106.3359
1309730,1.9999,1.9999,1.9999,-66.4809,250.1298,163.4504
1309740,1.9999,1.9999,0.2190,-135.0992,250.1298,250.1298
1309740,1.9999,1.9999,0.7373,-146.9542,250.1298,250.1298
1309750,1.9999,1.9999,1.0208,-211.5420,250.1298,250.1298
1309750,0.9492,1.9999,1.5684,-249.5496,151.2061,78.3664
1309760,0.2563,1.9999,-2.0000,29.5573,-214.2901,-27.3282
1309760,-0.0669,1.9999,-2.0000,127.7176,-250.1374,-72.4046
1309770,-0.7275,1.9999,-0.6396,-7.0840,-250.1374,-24.5725
1309780,-1.5288,1.7949,-0.9370,-41.9008,-250.1374,-36.1145
1309780,-1.6428,1.4238,-0.2886,-100.6947,-250.1374,-66.3511
1309790,-1.0366,1.7544,-0.0537,-164.0000,-209.1145,-84.0458
1309790,-0.9341,1.8933,0.5312,-209.0763,-138.2901,-89.5802
1309800,-0.7603,1.7629,0.9736,-214.9237,-135.6870,-79.7710
1309800,-0.5352,1.7266,0.9819,-187.8244,-138.0076,-58.7405
1309810,-0.3804,1.5510,0.8442,-137.7710,-123.8244,-47.0305
1309810,-0.1550,1.6318,0.4712,-69.7786,-68.4580,-50.3053
1309820,0.0364,1.9055,0.4160,-0.9084,32.0153,-52.2519
1309830,0.1963,1.9999,0.5876,37.7176,141.4733,-53.5344
1309830,0.1990,1.9536,0.9473,65.8702,223.0840,-34.5267
1309840,-0.2288,1.8413,0.8828,105.5802,250.1298,-35.9771
1309840,-0.3245,1.6707,1.0061,136.9389,239.0611,-38.1374
1309850,-0.0759,1.3560,0.8154,161.2824,186.9695,-32.1985
1309850,0.1001,1.0181,0.5466,181.1298,115.2366,-28.4275
1309860,0.7192,0.8752,-0.0876,195.8626,73.2061,-20.6107
1309860,1.0820,0.7424,-0.4380,204.3664,73.0611,-6.8702
1309870,1.1475,0.6436,-0.5635,218.0992,76.0458,6.7099
1309870,1.0752,0.5815,-0.3062,227.7176,60.0305,19.5954
1309880,0.9873,0.5376,0.1191,226.7328,25.0534,25.9313
1309880,1.0203,0.5127,0.2761,222.8244,-15.0611,31.5344
1309890,1.0764,0.4829,0.3318,219.2595,-47.3740,37.8244
1309890,1.0911,0.4697,0.4263,210.7252,-58.4504,44.0305
1309900,1.1042,0.5874,0.5554,196.2290,-51.4733,46.0687
1309900,1.0708,0.6194,0.6272,183.2519,-42.9847,43.0687
1309910,1.1160,0.5872,0.6750,166.3740,-36.7710,34.5038
1309910,1.1748,0.4580,0.5576,152.9847,-23.7863,22.3588
1309920,1.2021,0.3860,0.6033,139.1069,-10.8092,7.7863
1309920,1.1934,0.3206,0.6250,119.7328,-9.7863,-6.8702
1309930,1.1257,0.2417,0.5632,96.1298,-8.7939,-23.0382
1309930,1.0083,0.2114,0.5808,71.9466,-13.6641,-40.5649
1309940,0.8252,0.1987,0.5940,47.4198,-20.7405,-55.4580
1309950,0.6279,0.1865,0.6470,24.8626,-31.5496,-68.8015
1309950,0.4998,0.1602,0.6357,5.5420,-41.0458,-79.7405
1309960,0.4033,0.1511,0.6621,-7.3435,-53.1298,-86.6031
1309960,0.3220,0.1455,0.6821,-14.2366,-61.2672,-90.6489
1309970,0.2908,0.1731,0.7739,-20.3969,-68.6107,-93.3817
1309970,0.2954,0.1775,0.8091,-24.9542,-77.1069,-92.5802
1309980,0.3091,0.1760,0.7847,-27.2672,-85.5191,-89.1832
1309980,0.2876,0.1829,0.7253,-29.7099,-92.6336,-85.6107
1309990,0.2500,0.2178,0.6626,-36.0000,-93.2672,-84.9466
1309990,0.1873,0.2769,0.6726,-51.8855,-90.7481,-88.0229
1310000,0.1685,0.3289,0.5955,-70.1679,-83.6641,-91.3206
1310000,0.1731,0.3909,0.5266,-83.3511,-72.4122,-91.9160
1310010,0.1104,0.4148,0.4453,-90.1221,-62.6336,-89.8931
1310010,0.0063,0.4421,0.3357,-91.3206,-54.0534,-88.3740
1310020,-0.0784,0.4578,0.2659,-89.3206,-44.4656,-88.9924
1310020,-0.1218,0.5039,0.1980,-85.0076,-37.2137,-88.8473
1310030,-0.1704,0.5425,0.1477,-78.0840,-33.7252,-88.3817
1310040,-0.2100,0.6094,-0.0049,-67.3740,-29.8397,-85.0076
1310040,-0.1880,0.6514,-0.0603,-53.1450,-29.2443,-83.5725
1310050,-0.0737,0.6169,-0.2805,-35.3511,-37.2137,-75.8092
1310050,0.0366,0.5908,-0.4187,-14.1679,-36.0458,-66.4962
1310060,0.1895,0.6245,-0.1697,-1.4351,-39.3282,-55.9924
1310060,0.1162,0.6326,-0.0808,2.3359,-46.4122,-50.4351
1310070,0.1357,0.7053,-0.2661,8.5573,-35.6870,-50.1298
1310070,0.1060,0.8135,-0.2310,14.5573,-21.6565,-47.4351
1310080,0.1245,0.8892,-0.1243,17.5573,-13.8779,-45.6260
1310080,0.1287,0.9460,-0.0002,17.3282,-14.6641,-43.5267
1310090,0.1709,0.9238,0.0686,15.0153,-10.7557,-42.4122
1310090,0.2173,0.9219,0.2263,4.6565,-6.0763,-45.0382
1310100,0.2966,0.9033,0.2527,-6.1832,-5.3740,-47.1527
1310100,0.3459,0.9407,0.3049,-12.1832,0.5420,-46.3511
1310110,0.4392,0.9819,0.3962,-18.2214,6.6183,-41.3282
1310110,0.4497,0.9531,0.4846,-22.8779,11.8779,-33.6336
1310120,0.4648,0.9263,0.5400,-25.9313,14.7252,-24.7328
1310120,0.4539,0.9421,0.5488,-29.1908,18.6641,-18.7939
1310130,0.4141,0.9851,0.5537,-29.3664,19.9618,-14.5344
1310140,0.3906,1.0305,0.4795,-29.0916,13.4504,-12.1603
1310140,0.3428,1.0144,0.3169,-21.6489,5.1298,-13.3817
1310150,0.3411,1.0308,0.1545,-10.1298,0.3206,-15.3817
1310150,0.3408,1.0256,0.0417,3.8931,4.2901,-18.3359
1310160,0.2944,1.0291,0.0178,16.8550,9.0382,-22.3359
1310160,0.3091,1.1147,0.0730,27.0534,13.0153,-25.9313
1310170,0.3071,1.0686,0.0786,32.9847,9.6412,-28.6947
1310170,0.3528,1.0337,0.0820,36.1603,2.6107,-33.5725
1310180,0.4009,1.0400,0.0603,34.8244,-4.7863,-37.9618
1310180,0.4094,1.0640,0.0840,31.0305,-8.9237,-42.1679
1310190,0.3950,1.0896,0.1526,25.9466,-13.1832,-46.2137
1310190,0.4060,1.1030,0.2336,20.0992,-17.8702,-47.9160
1310200,0.4033,1.0759,0.2603,13.7939,-21.8626,-48.5115
1310200,0.4224,1.0322,0.2888,7.2519,-23.2061,-49.1145
1310210,0.4138,1.0061,0.3362,0.8702,-27.0687,-49.1679
1310210,0.4153,0.9788,0.3657,-5.0076,-29.3664,-49.2824
1310220,0.4233,0.9648,0.3484,-10.4656,-32.7634,-48.7328
1310220,0.4143,0.9478,0.3403,-13.6031,-35.3359,-47.9389
1310230,0.4094,0.9402,0.3330,-15.7405,-36.4504,-47.0458
1310230,0.4194,0.9141,0.3020,-16.6794,-38.2519,-46.7405
1310240,0.4333,0.8918,0.2817,-15.6260,-39.3282,-45.9008
1310240,0.4390,0.8752,0.2590,-14.0458,-41.6641,-44.7176
1310250,0.4509,0.8357,0.2463,-12.3435,-42.7786,-43.4275
1310250,0.4448,0.8218,0.2659,-11.0916,-43.4885,-41.9160
1310260,0.4595,0.7878,0.2371,-10.1603,-43.6031,-40.0992
1310260,0.4739,0.7854,0.2415,-7.9389,-43.4427,-38.2443
1310270,0.4724,0.7798,0.2410,-7.9542,-44.8244,-36.1221
1310280,0.4778,0.7874,0.2671,-6.1298,-45.5725,-34.2137
1310280,0.4985,0.8047,0.2739,-5.4275,-47.6489,-31.9695
1310290,0.5154,0.8083,0.2722,-3.8626,-48.5038,-29.8931
1310290,0.5164,0.8035,0.2827,-4.3435,-50.3817,-28.1527
1310300,0.5171,0.7996,0.3030,-3.7176,-52.1679,-25.9771
1310300,0.5088,0.7903,0.3228,-3.3817,-53.7481,-23.1908
1310310,0.5044,0.7869,0.3301,-4.3740,-56.0382,-20.7863
1310310,0.5103,0.7788,0.3201,-4.2595,-57.3130,-18.0000
1310320,0.4949,0.7588,0.3296,-4.5420,-58.9542,-14.9160
1310320,0.4846,0.7563,0.3313,-4.8397,-59.4275,-11.6412
1310330,0.4858,0.7556,0.3223,-4.4275,-58.9618,-8.9389
1310330,0.4795,0.7473,0.3142,-4.5496,-58.1145,-6.0534
1310340,0.4746,0.7668,0.3081,-4.4275,-57.2290,-3.8779
1310340,0.4729,0.7903,0.2734,-3.7786,-54.0153,-1.9618
1310350,0.4739,0.7935,0.2737,-3.6336,-50.9084,-0.6565
1310350,0.4690,0.8279,0.2849,-3.6412,-48.0611,0.3206
1310360,0.4521,0.8699,0.2961,-3.7099,-44.5038,0.6336
1310360,0.4543,0.9077,0.2834,-4.8244,-41.3053,-0.1145
1310370,0.4475,0.9678,0.2764,-5.2901,-37.5344,-0.7939
1310370,0.4382,1.0261,0.2668,-6.3969,-33.8473,-2.1832
1310380,0.4106,1.0371,0.2634,-8.0687,-30.9237,-4.6718
1310380,0.3765,1.0503,0.2717,-10.1527,-29.1679,-8.1832
1310390,0.3503,1.0576,0.2703,-13.5496,-27.4580,-12.3206
1310390,0.3164,1.0325,0.2651,-16.7328,-27.1985,-16.0840
1310400,0.2861,0.9998,0.2693,-19.6260,-28.4275,-20.0763
1310400,0.2725,0.9709,0.2710,-22.6565,-29.5802,-23.3435
1310410,0.2637,0.9458,0.2803,-26.4351,-31.2290,-27.3053
1310420,0.2517,0.9338,0.2747,-31.2214,-33.1985,-30.9084
1310420,0.2393,0.9214,0.2598,-35.0611,-33.0840,-34.4046
1310430,0.2256,0.9172,0.2634,-38.1908,-33.9618,-37.0916
1310430,0.2305,0.9136,0.2339,-40.8779,-34.1450,-39.9084
1310440,0.2134,0.9153,0.2495,-43.7863,-34.1527,-41.7634
1310440,0.2112,0.9104,0.2468,-45.7939,-34.3740,-43.6794
1310450,0.2163,0.9043,0.2415,-47.6107,-34.2901,-44.6718
1310450,0.2192,0.9153,0.2251,-48.2901,-34.1450,-45.4275
1310460,0.2344,0.9143,0.2241,-48.4046,-32.1069,-45.2137
1310460,0.2322,0.9268,0.2197,-47.6794,-28.2137,-44.2672
1310470,0.2393,0.9487,0.2302,-46.5344,-26.1450,-43.2214
1310470,0.2405,0.9707,0.2354,-44.8168,-22.6336,-41.7099
1310480,0.2549,0.9868,0.2346,-42.4656,-20.4122,-40.2519
1310480,0.2605,0.9814,0.2510,-39.5649,-16.8244,-38.2748
1310490,0.2803,0.9788,0.2354,-35.3435,-12.0076,-36.1756
1310490,0.2634,0.9668,0.2842,-32.5573,-11.3740,-34.2061
1310500,0.2847,0.9543,0.2812,-28.4427,-11.3282,-32.2824
1310510,0.2852,0.9246,0.3081,-25.2595,-11.6412,-30.4962
1310510,0.3118,0.8870,0.3181,-21.7252,-12.2519,-28.3664
1310520,0.3423,0.8669,0.3342,-18.9313,-11.3053,-26.2748
1310520,0.3542,0.8298,0.3665,-16.9466,-12.4656,-24.0229
1310530,0.4053,0.8093,0.3472,-14.8168,-11.4809,-22.1298
1310530,0.4297,0.7812,0.4009,-13.1145,-14.4351,-20.4275
1310540,0.4712,0.7600,0.3918,-12.6183,-16.7023,-18.6336
1310540,0.5159,0.7397,0.4131,-10.6947,-18.4733,-16.2290
1310550,0.5427,0.7146,0.4302,-10.2214,-21.4351,-13.6794
1310550,0.5740,0.7170,0.4241,-9.5496,-23.3130,-11.0840
1310560,0.5789,0.7112,0.4609,-8.7099,-27.5649,-9.4351
1310560,0.5901,0.7346,0.4407,-10.9389,-30.5878,-7.3359
1310570,0.5784,0.7332,0.4534,-11.1908,-34.1527,-6.0687
1310570,0.5974,0.7483,0.4358,-12.7863,-37.4275,-4.4046
1310580,0.5706,0.7559,0.4612,-15.5725,-41.8931,-4.9695
1310580,0.5750,0.7556,0.4509,-17.9695,-45.2137,-6.1298
1310590,0.5632,0.7671,0.4656,-20.9695,-49.8626,-8.2290
1310590,0.5503,0.7651,0.4578,-25.8244,-53.0382,-10.7786
1310600,0.5178,0.7585,0.4761,-29.6260,-56.1298,-12.0305
1310600,0.5344,0.7500,0.4622,-34.6565,-59.8321,-14.8168
1310610,0.5020,0.7432,0.5110,-39.2214,-65.4809,-18.2061
1310620,0.5198,0.7500,0.5005,-44.1603,-72.1527,-20.9466
1310620,0.5042,0.7251,0.5081,-48.9618,-76.3053,-23.5954
1310630,0.5164,0.7195,0.4961,-54.1603,-82.5878,-27.9389
1310630,0.5200,0.7202,0.4941,-58.8779,-86.1603,-31.2595
1310640,0.5479,0.7263,0.4717,-62.4733,-87.9466,-33.2748
1310640,0.5149,0.7131,0.4783,-63.8015,-90.7405,-34.1832
1310650,0.4963,0.7119,0.4851,-64.9695,-94.5420,-35.3435
1310650,0.4990,0.7065,0.4568,-63.8397,-98.3740,-35.7023
