1044590,-0.5283,0.8232,0.1462,-3.8397,-1.9618,-1.3359
1044600,-0.5293,0.8230,0.1404,-3.5267,-1.5725,-1.6336
1044600,-0.5276,0.8196,0.1484,-3.3817,-1.6336,-1.6870
1044610,-0.5308,0.8220,0.1396,-3.4504,-1.4809,-1.5725
1044610,-0.5266,0.8162,0.1458,-3.5802,-1.6641,-1.6336
1044620,-0.5312,0.8162,0.1453,-3.2672,-1.7786,-1.2366
1044620,-0.5330,0.8164,0.1460,-3.3969,-1.7557,-1.3893
1044630,-0.5278,0.8188,0.1526,-3.6489,-1.6870,-1.2061
1044630,-0.5259,0.8162,0.1519,-3.6947,-1.7557,-1.2137
1044640,-0.5247,0.8174,0.1470,-3.6947,-1.7481,-1.1832
1044640,-0.5198,0.8228,0.1436,-3.4885,-1.5649,-1.1832
1044650,-0.5200,0.8213,0.1440,-3.8550,-1.7023,-1.0611
1044650,-0.5234,0.8223,0.1404,-3.5191,-1.5954,-1.0992
1044660,-0.5222,0.8220,0.1440,-3.4198,-1.6565,-0.7710
1044660,-0.5210,0.8235,0.1411,-2.9542,-1.8626,-0.5802
1044670,-0.5117,0.8215,0.1511,-2.9618,-1.7786,-0.1221
1044670,-0.5161,0.8215,0.1472,-3.0458,-1.9695,-0.4046
1044680,-0.5117,0.8232,0.1553,-2.9847,-2.5420,0.2519
1044680,-0.5144,0.8240,0.1565,-2.7863,-3.2595,0.0840
1044690,-0.5100,0.8252,0.1597,-2.7710,-3.5191,0.5267
1044690,-0.5144,0.8296,0.1592,-2.9771,-3.8626,0.6794
1044700,-0.5115,0.8335,0.1589,-3.1298,-4.0076,0.7786
1044700,-0.5107,0.8372,0.1545,-3.5344,-4.0382,0.9008
1044710,-0.5059,0.8406,0.1538,-3.6870,-3.9160,1.4504
1044710,-0.5073,0.8381,0.1497,-3.7023,-4.0763,1.2290
1044720,-0.5083,0.8362,0.1460,-3.6260,-4.0153,1.2672
1044720,-0.5090,0.8335,0.1460,-3.8702,-4.0840,1.4275
1044730,-0.5081,0.8276,0.1423,-3.4656,-3.8168,1.2748
1044730,-0.5137,0.8276,0.1394,-3.3130,-3.5573,1.1908
1044740,-0.5107,0.8235,0.1436,-3.0916,-3.4046,1.0229
1044740,-0.5120,0.8215,0.1467,-2.9466,-3.5191,0.8321
1044750,-0.5171,0.8240,0.1394,-2.6641,-3.5115,0.2366
1044750,-0.5173,0.8286,0.1404,-2.5954,-3.3130,-0.0458
1044760,-0.5242,0.8318,0.1501,-2.1374,-3.4733,-0.4122
1044760,-0.5251,0.8394,0.1462,-2.3053,-3.1679,-0.8473
1044770,-0.5271,0.8396,0.1455,-2.1908,-3.2748,-1.5267
1044770,-0.5225,0.8384,0.1460,-1.8702,-2.9008,-1.7863
1044780,-0.5281,0.8381,0.1399,-2.0687,-2.9160,-2.1756
1044780,-0.5244,0.8359,0.1423,-2.0458,-3.0840,-2.5496
1044790,-0.5234,0.8367,0.1421,-1.9542,-2.9389,-2.6794
1044790,-0.5281,0.8335,0.1448,-1.7863,-3.0840,-3.1985
1044800,-0.5269,0.8328,0.1389,-1.5038,-3.1298,-3.1069
1044800,-0.5254,0.8232,0.1445,-1.2595,-3.4504,-3.2290
1044810,-0.5271,0.8228,0.1414,-1.1985,-4.0153,-3.3130
1044810,-0.5278,0.8289,0.1506,-0.8779,-4.6870,-3.1374
1044820,-0.5222,0.8206,0.1497,-0.5573,-5.3969,-3.2824
1044820,-0.5208,0.8259,0.1536,-0.5496,-5.4809,-3.4656
1044830,-0.5161,0.8284,0.1545,-0.4580,-6.2977,-3.0992
1044830,-0.5125,0.8328,0.1455,-0.5649,-6.3740,-3.1832
1044840,-0.5083,0.8354,0.1379,-0.3130,-6.8626,-2.9466
1044840,-0.5022,0.8418,0.1426,-0.3206,-6.4046,-2.8550
1044850,-0.4976,0.8411,0.1367,-0.1069,-6.2366,-2.7405
1044860,-0.4990,0.8403,0.1331,-0.0840,-6.0534,-2.6870
1044860,-0.4949,0.8391,0.1245,-0.0916,-5.6107,-2.5038
1044870,-0.5007,0.8423,0.1294,0.0076,-5.1908,-2.3359
1044870,-0.5056,0.8452,0.1318,0.1221,-4.7557,-2.3511
1044880,-0.5144,0.8367,0.1387,0.0916,-4.3893,-2.3359
1044880,-0.5071,0.8303,0.1438,0.2519,-4.1756,-2.4504
1044890,-0.5083,0.8313,0.1467,-0.2290,-4.0763,-2.7710
1044890,-0.5120,0.8259,0.1558,-0.0916,-4.5725,-3.0076
1044900,-0.5015,0.8279,0.1584,-0.1145,-5.0916,-3.1298
1044900,-0.4958,0.8303,0.1575,-0.1756,-5.2290,-3.2290
1044910,-0.4927,0.8313,0.1658,0.0153,-5.4580,-3.1908
1044910,-0.4893,0.8477,0.1641,0.3969,-5.7863,-3.1450
1044920,-0.4954,0.8645,0.1592,0.8244,-6.6641,-2.9771
1044920,-0.5017,0.8784,0.1621,0.8015,-6.9695,-3.1527
1044930,-0.5054,0.8909,0.1484,1.2748,-7.3130,-3.2519
1044930,-0.5164,0.8979,0.1377,1.3359,-7.8855,-3.6947
1044940,-0.5237,0.8965,0.1277,1.1603,-8.3282,-4.3053
1044940,-0.5325,0.8813,0.1211,1.0382,-8.1221,-4.9542
1044950,-0.5413,0.8574,0.1006,0.4809,-8.6718,-5.6489
1044950,-0.5486,0.8259,0.0833,0.1450,-8.3511,-6.4046
1044960,-0.5557,0.7981,0.0806,0.1908,-7.1756,-7.1832
1044960,-0.5605,0.7808,0.0808,-0.3053,-6.5878,-7.9160
1044970,-0.5757,0.7695,0.0701,-0.1832,-5.5573,-7.5954
1044970,-0.5884,0.7622,0.0720,0.4504,-4.3893,-7.8397
1044980,-0.6111,0.7634,0.0713,1.3588,-3.3282,-7.9618
1044980,-0.6426,0.7656,0.0872,1.9924,-1.4504,-7.9084
1044990,-0.6699,0.7563,0.1091,2.4733,0.1832,-7.8779
1044990,-0.7012,0.7566,0.1182,2.2901,2.1450,-8.0611
1045000,-0.7219,0.7466,0.1365,2.0687,4.5878,-8.2748
1045000,-0.7373,0.7520,0.1616,1.5878,6.2290,-8.3740
1045010,-0.7512,0.7417,0.1721,1.0076,7.8473,-8.9695
1045010,-0.7549,0.7334,0.1870,0.2137,10.2290,-9.4351
1045020,-0.7542,0.7327,0.2021,-1.3893,12.1832,-9.7939
1045020,-0.7478,0.7153,0.2212,-3.6107,14.2061,-9.8244
1045030,-0.7273,0.6829,0.2222,-5.9618,16.3893,-10.5573
1045030,-0.7031,0.6738,0.2329,-8.8779,18.2672,-9.9389
1045040,-0.6868,0.6621,0.2461,-11.8168,20.2901,-9.6183
1045040,-0.6655,0.6650,0.2537,-15.3511,21.8244,-8.8244
1045050,-0.6519,0.6702,0.2454,-18.5725,23.9008,-8.3817
1045050,-0.6433,0.6758,0.2395,-22.0763,26.9542,-7.6870
1045060,-0.6260,0.6909,0.2329,-24.1450,29.5802,-6.9542
1045060,-0.6133,0.7126,0.2415,-26.1221,33.1603,-6.3053
1045070,-0.5894,0.7290,0.2439,-27.2672,36.1603,-5.8015
1045070,-0.5835,0.7402,0.2390,-28.1832,40.6489,-5.0458
1045080,-0.5637,0.7654,0.2419,-27.9237,43.5725,-3.5344
1045080,-0.5586,0.7715,0.2375,-28.4809,46.9695,-3.0687
1045090,-0.5320,0.7920,0.2310,-28.1603,49.8397,-2.0534
1045090,-0.5205,0.8096,0.2419,-28.2519,52.4275,-0.7634
1045100,-0.5068,0.8049,0.2395,-28.2672,53.9542,-0.2672
1045100,-0.4871,0.8359,0.2542,-28.2824,55.5725,0.3664
1045110,-0.4792,0.8423,0.2507,-28.2214,56.0000,1.1908
1045110,-0.4634,0.8403,0.2651,-28.2748,56.7176,2.3053
1045120,-0.4548,0.8354,0.2446,-28.1450,56.1221,2.9847
1045130,-0.4456,0.8162,0.2363,-27.2366,56.9466,3.6641
1045130,-0.4380,0.8269,0.2373,-25.3206,56.5573,4.3435
1045140,-0.4236,0.8477,0.2463,-23.7099,55.6183,5.7710
1045140,-0.4041,0.8640,0.2346,-23.1679,53.6260,6.5344
1045150,-0.3848,0.8750,0.2219,-21.7023,51.1832,7.3740
1045150,-0.3743,0.8774,0.2144,-20.6107,49.7863,7.8550
1045160,-0.3613,0.9004,0.2173,-20.1985,46.7939,8.6794
1045160,-0.3291,0.9260,0.2280,-17.8550,41.9542,9.4733
1045170,-0.3301,0.9185,0.1978,-16.9389,40.7786,8.7634
1045170,-0.3179,0.9285,0.1909,-15.8168,39.0840,8.6031
1045180,-0.3096,0.9385,0.1768,-14.8397,36.6412,8.6336
1045180,-0.2991,0.9478,0.1697,-14.3511,34.4351,8.6336
1045190,-0.2981,0.9617,0.1702,-14.2672,31.8550,8.1985
1045190,-0.2893,0.9724,0.1589,-13.9313,29.1679,7.2824
1045200,-0.2864,0.9697,0.1538,-13.8092,26.4122,7.0076
1045200,-0.2776,0.9653,0.1548,-13.1985,23.7863,6.7557
1045210,-0.2554,0.9722,0.1606,-11.6641,20.4809,6.5649
1045210,-0.2485,0.9578,0.1604,-10.7710,18.1908,6.5267
1045220,-0.2451,0.9526,0.1528,-9.4504,14.4580,6.3893
1045220,-0.2361,0.9573,0.1631,-6.9847,11.7328,6.7939
1045230,-0.2349,0.9504,0.1711,-4.6412,9.5725,7.1069
1045230,-0.2380,0.9460,0.1624,-2.2977,7.7405,8.3435
1045240,-0.2412,0.9529,0.1714,-0.4580,5.3893,9.5725
1045240,-0.2458,0.9548,0.1787,1.7252,4.2290,10.2977
1045250,-0.2646,0.9563,0.1841,3.0229,2.4122,10.7939
1045250,-0.2671,0.9529,0.1929,4.3053,0.7557,11.4275
1045260,-0.2786,0.9417,0.2104,4.8550,-0.6489,11.6718
1045260,-0.2808,0.9368,0.2261,5.8702,-3.3206,11.7023
1045270,-0.2871,0.9194,0.2466,6.0840,-5.8779,11.6031
1045270,-0.2832,0.9121,0.2546,6.3664,-8.5954,11.6412
1045280,-0.2837,0.9045,0.2603,6.7405,-11.1145,11.4809
1045280,-0.2788,0.8923,0.2783,6.9160,-12.4656,11.8168
1045290,-0.2903,0.8745,0.2900,6.1756,-14.4427,12.3969
1045290,-0.2800,0.8716,0.3101,5.7405,-16.0763,13.2443
1045300,-0.2888,0.8591,0.3306,4.4962,-18.4580,14.3817
1045300,-0.2903,0.8521,0.3503,2.9389,-20.6794,16.1679
1045310,-0.2866,0.8530,0.3667,0.9389,-22.8931,17.5649
1045310,-0.2837,0.8462,0.3726,-0.8092,-24.9618,20.2443
1045320,-0.2854,0.8359,0.4097,-3.1832,-26.9389,23.7863
1045320,-0.2783,0.8352,0.4382,-6.7405,-29.0229,26.9084
1045330,-0.2625,0.8196,0.4226,-8.9466,-31.6031,30.3740
1045330,-0.2673,0.8186,0.4719,-12.5725,-32.6565,33.8779
1045340,-0.2620,0.8000,0.4719,-16.0382,-33.5420,38.5115
1045340,-0.2417,0.7976,0.4651,-19.6947,-35.5802,41.9618
1045350,-0.2407,0.7700,0.4922,-22.0992,-36.3740,46.9771
1045360,-0.2161,0.7561,0.4929,-24.6947,-40.1985,51.2214
1045360,-0.1750,0.7441,0.4905,-28.1298,-42.3282,56.1908
1045370,-0.1648,0.7083,0.5022,-31.0153,-45.7328,62.4656
1045370,-0.1338,0.6804,0.5010,-33.5878,-49.2061,69.8473
1045380,-0.1047,0.6665,0.5359,-36.8168,-52.9695,77.1603
1045380,-0.0439,0.6484,0.5093,-41.0611,-54.7099,85.1756
1045390,-0.0234,0.6301,0.5125,-44.4962,-55.2901,93.9847
1045390,0.0024,0.5957,0.4329,-46.0305,-56.0763,103.5649
1045400,-0.0273,0.5593,0.4255,-46.2366,-59.6489,112.4122
1045400,-0.0383,0.5334,0.3486,-47.2977,-64.7481,119.9237
1045410,-0.1384,0.4602,0.2522,-44.8168,-65.3969,128.6107
1045410,-0.2146,0.4160,0.0684,-32.8321,-66.4733,131.5649
1045420,-0.3586,0.4946,0.1072,-20.9695,-71.3435,128.0153
1045420,-0.5422,0.6189,0.0950,-15.9008,-74.4657,118.9771
1045430,-0.6826,0.8484,0.2271,-11.0229,-71.1450,107.0611
1045440,-0.7505,1.0952,0.3403,-14.9618,-69.0763,94.7786
1045440,-0.6152,1.2224,0.3674,-15.0076,-53.9695,83.6947
1045450,-0.4348,1.3572,0.5320,-15.8244,-42.3206,77.6870
1045450,-0.0334,1.5737,0.6619,-22.0916,-36.8168,80.5725
1045460,0.2075,1.7209,0.6675,-34.4046,-43.6031,94.1374
1045460,0.3032,1.8730,0.6201,-54.4809,-44.1374,104.2901
1045470,0.2888,1.9999,0.7998,-93.7023,-34.7252,113.5115
1045470,0.2012,1.9999,0.6812,-135.8626,-19.9313,121.5649
1045480,-0.0159,1.9999,0.2366,-171.7481,17.2061,126.5420
1045480,-0.1494,1.9126,-0.3010,-186.2901,61.9466,136.1603
1045490,-0.6821,1.7156,-0.8376,-160.6794,89.9160,134.2137
1045490,-1.0271,1.7542,-0.7759,-127.2519,88.1985,115.0000
1045500,-1.0295,1.8784,-0.4731,-102.7557,65.6031,92.3282
1045500,-0.9609,1.7495,-0.3962,-89.0611,51.3817,77.0458
1045510,-0.8562,1.5859,-0.1350,-82.7405,53.0382,60.1908
1045520,-0.6277,1.4419,0.0503,-73.4198,42.9160,49.1756
1045520,-0.4675,1.3647,0.0500,-60.0458,30.1679,42.7023
1045530,-0.5332,1.2769,0.1555,-45.1298,11.7939,35.4427
1045530,-0.6453,1.2068,0.2764,-34.7176,-11.3206,27.7863
1045540,-0.5835,1.1514,0.2566,-23.0382,-24.2595,23.9084
1045540,-0.5989,1.0840,0.3135,-9.6947,-36.8321,21.3817
1045550,-0.6172,0.9539,0.3596,4.8244,-52.1679,17.2137
1045550,-0.5876,0.9021,0.4473,18.2290,-66.1985,13.3206
1045560,-0.4919,0.8843,0.5227,26.9466,-79.4657,11.9542
1045560,-0.4163,0.8613,0.5254,31.8473,-92.1832,12.0229
1045570,-0.4229,0.8027,0.5271,35.7405,-104.2824,9.6870
1045570,-0.3940,0.7634,0.5305,37.0458,-114.5878,6.6489
1045580,-0.1450,0.8035,0.4604,35.0992,-117.5038,9.7557
1045580,-0.0278,0.8035,0.3533,34.8015,-116.4885,16.0840
1045590,-0.0161,0.8174,0.2666,35.5496,-112.1756,21.0992
1045590,0.0149,0.7549,0.1575,31.3969,-101.3511,22.6947
1045600,0.3135,0.8323,-0.1572,33.0000,-86.0687,35.9542
1045600,-0.0281,0.7764,-0.0442,12.8855,-93.8015,7.8626
1045610,-0.1433,0.5303,-0.5596,58.6031,-69.3817,37.4580
1045610,-0.4155,0.5352,0.2273,36.9313,-54.8473,12.8397
1045620,-0.1765,0.5198,0.1143,13.8779,-81.4733,4.5802
1045620,-0.0408,0.5188,-0.3357,27.6565,-90.5496,5.5725
1045630,-0.0574,0.5500,-0.3972,47.3130,-68.1298,7.1908
1045640,-0.0452,0.5505,-0.3142,62.6183,-38.8092,10.4733
1045640,-0.0312,0.4875,-0.1611,72.9160,-11.8550,10.7710
1045650,-0.0220,0.3940,0.1106,77.3053,2.3130,8.3282
1045650,0.0137,0.3313,0.2146,72.1603,8.1298,5.7557
1045660,-0.0120,0.2498,0.2710,66.4122,12.1450,3.3511
1045660,-0.0088,0.2241,0.2881,59.7176,12.9084,-0.9084
1045670,-0.0042,0.2122,0.2959,53.4122,12.0992,-4.2672
1045670,0.0051,0.2119,0.2568,49.0534,10.9160,-7.2901
1045680,-0.0215,0.2078,0.2444,47.2901,8.3053,-10.0840
1045680,0.0156,0.2671,0.1772,50.0534,6.7939,-10.9924
1045690,-0.0007,0.2998,0.1565,55.0611,7.7481,-11.1069
1045690,0.0056,0.3120,0.1445,57.8168,9.2061,-11.0382
1045700,-0.0012,0.3152,0.1409,60.7939,15.4962,-10.4885
1045700,-0.0466,0.3425,0.2310,61.1374,19.1145,-11.8855
1045710,-0.0437,0.3806,0.2961,51.5573,16.7481,-16.7328
1045710,0.0098,0.4624,0.2424,41.0076,17.4886,-18.9389
1045720,-0.1577,0.3259,0.3345,42.0000,27.8473,-13.8702
1045720,0.1882,0.6748,0.2332,26.7863,34.2901,-15.3359
1045730,-0.2219,0.3992,0.2712,36.8397,51.2137,-9.1450
1045730,-0.1641,0.4387,0.5320,26.0534,45.8168,-22.9008
1045740,-0.0850,0.5120,0.5110,-0.1069,47.1985,-27.2824
1045740,-0.1208,0.6653,0.4243,-20.0992,58.3359,-28.6489
1045750,-0.1956,0.6819,0.2256,-13.5496,70.0916,-26.4427
1045750,-0.2629,0.7488,0.2751,-4.4656,84.4046,-25.3359
1045760,-0.2339,0.8726,0.3618,-3.9542,83.1069,-33.4198
1045760,-0.2021,1.0295,0.2952,-0.2901,82.2595,-26.9160
1045770,-0.2549,1.0679,0.3379,9.4046,76.8779,-23.3511
1045770,-0.1860,1.2136,0.4612,7.0840,61.4885,-27.2366
1045780,-0.1365,1.3184,0.4792,4.4580,43.1221,-25.3664
1045780,-0.0881,1.4241,0.5134,0.6565,28.6870,-23.7252
1045790,0.0059,1.4561,0.5298,-2.8931,18.1679,-16.5267
1045790,0.0505,1.4514,0.5300,-2.3053,11.8855,-14.3817
1045800,0.1240,1.5476,0.6323,-2.6870,-1.1298,-11.0458
1045810,0.1074,1.6077,0.7000,-9.8779,-19.9084,-8.2748
1045810,0.1040,1.6926,0.6047,-18.7405,-36.7405,-2.3282
1045820,0.0547,1.6975,0.5205,-29.8092,-52.2137,-0.7252
1045820,0.0752,1.7012,0.3958,-39.3435,-60.0687,6.6870
1045830,0.0454,1.5950,0.2087,-49.9160,-68.6870,10.9542
1045830,0.1628,1.5457,0.0188,-50.2290,-64.5496,9.3893
1045840,0.2671,1.5195,-0.0625,-41.8855,-60.8092,8.5649
1045840,0.4021,1.5627,-0.1350,-30.4962,-52.5802,9.0458
1045850,0.4514,1.5500,-0.1018,-20.7786,-39.8855,10.8473
1045850,0.5803,1.5527,-0.0815,-12.5344,-22.2901,15.7710
1045860,0.5945,1.5283,-0.0300,-7.5878,-4.6870,18.0611
1045860,0.5620,1.5503,-0.0054,-0.6870,10.0916,20.1069
1045870,0.4834,1.5493,0.0195,5.1527,21.8550,19.8092
1045870,0.4597,1.5017,0.0190,11.1832,28.0916,18.7786
1045880,0.4800,1.4666,-0.0640,19.0000,31.7557,15.5954
1045880,0.4409,1.4604,-0.1257,29.0763,40.9389,16.2672
1045890,0.2825,1.4048,-0.0398,35.9847,44.9084,14.9084
1045890,0.1472,1.3457,0.0425,37.7939,36.3969,8.2366
1045900,0.0369,1.3179,0.0649,35.4733,23.2977,0.4962
1045900,-0.0833,1.3079,0.0291,33.9237,7.3817,-5.6794
1045910,-0.1855,1.3037,-0.0371,33.8702,-12.9160,-12.3893
1045910,-0.3574,1.2607,-0.0874,39.2214,-33.5191,-19.1832
1045920,-0.4780,1.2065,-0.1035,45.6336,-52.1679,-29.9466
1045920,-0.6123,1.1987,0.0002,47.7252,-69.2748,-40.1679
1045930,-0.6357,1.2637,0.0950,44.3511,-85.3664,-45.8321
1045930,-0.7017,1.2925,0.1394,36.1527,-103.1450,-50.4962
1045940,-0.7192,1.3298,0.2090,27.3511,-122.7099,-49.5267
1045950,-0.7964,1.2732,0.2666,18.6718,-152.9084,-50.1145
1045950,-0.7959,1.2202,0.1377,14.4809,-177.9771,-55.5954
1045960,-0.8145,1.2654,0.1006,7.3588,-192.0076,-55.6031
1045960,-0.8108,0.7839,-0.2974,74.3588,-173.9695,1.4046
1045970,-1.3909,0.1948,0.1931,117.9924,-161.6718,12.4962
1045970,-1.1260,0.4846,0.7432,79.9924,-167.2061,-38.5344
1045980,-0.6365,0.9690,0.7339,3.4122,-176.9389,-55.8702
1045980,-0.6284,0.8945,0.4146,-30.0000,-168.8015,-52.4198
1045990,-0.6465,0.6821,0.2522,-48.1832,-145.6107,-54.8626
1045990,-0.6719,0.4905,0.2649,-60.8702,-125.0840,-64.5878
1046000,-0.6511,0.3833,0.2041,-67.6718,-109.7099,-75.9924
1046000,-0.5303,0.3557,-0.0076,-58.9924,-92.0153,-77.0992
1046010,-0.5591,0.2485,-0.0198,-45.7023,-68.4962,-78.2901
1046020,-0.4329,0.3987,-0.0601,-31.2748,-54.9695,-77.4885
1046020,-0.2563,0.4343,-0.1016,-31.6947,-19.2290,-70.9084
1046030,-0.1050,0.7148,0.0295,-28.7481,28.4962,-49.6565
1046030,-0.3025,0.5955,0.2405,-45.7176,67.4809,-41.6870
1046040,-0.5054,0.4836,0.1365,-58.7939,84.1908,-35.4733
1046040,-0.6421,0.5969,0.1472,-61.0153,77.3817,-40.9084
1046050,-0.7058,0.6785,0.1350,-68.8168,75.0763,-42.7481
1046050,-0.6577,0.7656,0.2473,-75.6183,87.1832,-44.7405
1046060,-0.7444,0.7783,0.3521,-68.7176,96.9618,-46.5496
1046060,-0.6814,0.8557,0.5120,-72.8015,119.3282,-48.5649
1046070,-0.6855,0.8484,0.6064,-86.0305,150.1374,-50.4656
1046070,-0.6284,0.8364,0.6267,-100.1298,181.1450,-47.5191
1046080,-0.5637,0.8025,0.5225,-102.6489,214.5038,-42.4580
1046080,-0.6091,0.7871,0.4639,-99.5802,248.6947,-36.7634
1046090,-0.6611,0.8174,0.4663,-98.2595,250.1298,-33.6565
1046100,-0.6001,0.7996,0.5056,-98.9237,250.1298,-30.3282
1046100,-0.7009,0.7568,0.5203,-101.9618,250.1298,-29.1985
1046110,-0.8455,0.7168,0.4402,-102.2443,250.1298,-31.5573
1046110,-0.8374,0.7759,0.4243,-107.1527,250.1298,-33.3817
1046120,-0.6533,0.7603,0.3394,-111.6260,250.1298,-35.7405
1046120,-0.7754,0.6404,0.4221,-118.9389,250.1298,-37.1832
1046130,-0.6741,0.8342,0.2725,-119.7557,250.1298,-33.3664
1046130,-0.4482,0.7910,0.2507,-111.9008,250.1298,-24.3969
1046140,-0.3442,0.7124,0.1812,-91.2290,216.3435,-22.1527
1046140,-0.2786,0.7112,0.1755,-77.8779,183.0305,-14.9237
1046150,-0.3169,0.7344,0.2600,-68.1679,167.2901,-8.3359
1046160,-0.3328,0.7715,0.3152,-65.1069,167.2748,-1.7863
1046160,-0.3660,0.8328,0.4634,-70.1908,172.1603,5.1985
1046170,-0.4089,0.8845,0.5210,-75.9237,168.2748,8.4351
1046170,-0.3767,0.9392,0.5308,-77.7176,155.7176,9.3588
1046180,-0.3530,0.9443,0.5127,-75.0076,139.2901,10.9924
1046180,-0.3323,0.9526,0.4729,-71.2137,120.5343,9.7939
1046190,-0.3230,0.9399,0.4612,-70.2901,109.0840,9.2214
1046190,-0.3357,0.9146,0.4053,-71.4275,105.4580,9.1908
1046200,-0.3398,0.9165,0.3777,-68.4198,100.1832,6.1221
1046200,-0.3279,0.9304,0.3259,-64.4046,97.0534,3.2901
1046210,-0.3257,0.9170,0.2939,-62.0611,100.5878,1.8855
1046210,-0.3188,0.9072,0.2708,-59.2214,102.2824,0.0992
1046220,-0.3174,0.8950,0.2727,-57.6260,106.2137,-1.3817
1046220,-0.3315,0.8687,0.2810,-57.5496,112.7481,-3.2672
1046230,-0.3081,0.8679,0.3103,-59.0076,119.4962,-4.5878
1046230,-0.3113,0.8279,0.3286,-60.3130,125.7405,-4.7634
1046240,-0.2869,0.8132,0.3323,-60.2595,127.0534,-4.0840
1046240,-0.2483,0.8013,0.3286,-60.3511,124.2519,-4.2214
1046250,-0.2227,0.7856,0.3411,-58.5649,118.4275,-2.7710
1046260,-0.2056,0.7632,0.3257,-55.6489,112.0458,-1.9695
1046260,-0.1963,0.7688,0.3164,-50.5344,105.2214,0.3130
1046270,-0.1992,0.7671,0.2959,-47.9084,98.3435,1.8015
1046270,-0.2041,0.7754,0.2681,-42.8626,91.1756,4.2748
1046280,-0.2275,0.7812,0.2305,-39.3359,84.6565,6.6565
1046280,-0.2239,0.7964,0.2073,-34.5191,79.1450,7.3664
1046290,-0.2356,0.8159,0.1697,-29.9160,74.0000,8.3435
1046290,-0.2585,0.8113,0.1309,-25.2901,69.5954,8.8092
1046300,-0.2583,0.8459,0.1069,-20.2519,66.8397,9.4198
1046300,-0.2578,0.8594,0.0903,-16.3359,66.0534,8.6260
1046310,-0.2749,0.8608,0.0610,-13.3511,64.1298,7.8092
1046310,-0.2764,0.8723,0.0391,-10.5420,61.9389,6.9695
1046320,-0.2878,0.8662,0.0081,-8.1756,60.6794,4.6870
1046320,-0.2925,0.8752,-0.0137,-6.6031,59.2748,2.6336
1046330,-0.2952,0.8740,-0.0493,-5.1069,57.6641,0.9008
1046330,-0.3027,0.8865,-0.0808,-1.7023,56.1603,-1.1985
1046340,-0.3130,0.8972,-0.1082,1.7863,55.4198,-3.6718
1046340,-0.3225,0.9128,-0.1375,6.6718,54.3130,-6.1221
1046350,-0.3394,0.9250,-0.1426,11.6107,53.5344,-8.0916
1046350,-0.3464,0.9324,-0.1414,16.6947,51.8397,-10.1374
1046360,-0.3440,0.9316,-0.1128,21.5114,50.6794,-12.0305
1046360,-0.3521,0.9148,-0.0759,25.0916,50.2443,-14.1603
1046370,-0.3789,0.8948,-0.0378,28.9313,49.1603,-16.0611
1046370,-0.3845,0.8857,-0.0139,32.7252,49.2519,-18.1374
1046380,-0.3738,0.8667,0.0107,35.9084,49.6031,-19.6947
1046380,-0.3796,0.8430,0.0527,39.3435,52.0840,-20.5878
1046390,-0.3657,0.8540,0.0852,42.3359,54.0076,-20.9466
1046390,-0.3582,0.8804,0.1294,45.6412,55.3969,-19.7557
1046400,-0.3618,0.9043,0.1975,48.5725,55.7557,-17.8626
1046410,-0.3745,0.9146,0.2834,50.7863,52.7634,-15.9313
1046410,-0.4009,0.9163,0.3809,50.8779,49.5191,-14.0076
1046420,-0.4219,0.9080,0.4546,49.7863,44.4733,-12.7481
1046420,-0.4497,0.8735,0.4949,47.0687,40.9084,-11.1527
1046430,-0.4714,0.8459,0.5066,43.7710,39.0000,-9.7786
1046430,-0.4712,0.8169,0.4971,40.2214,37.7099,-8.9160
1046440,-0.4775,0.7722,0.4763,37.0000,39.1221,-7.8550
1046440,-0.5083,0.7366,0.4514,33.7786,41.8855,-7.4885
1046450,-0.5308,0.7078,0.4380,30.2901,46.3282,-7.7099
1046450,-0.5603,0.6772,0.4207,27.2824,51.2748,-7.8168
1046460,-0.5977,0.6550,0.4138,24.3053,57.4733,-9.0611
1046460,-0.6072,0.6370,0.4060,21.0076,63.1832,-10.0611
1046470,-0.6458,0.6147,0.4265,18.4962,68.6260,-11.7634
1046470,-0.6580,0.5898,0.4280,15.8550,75.1756,-13.4504
1046480,-0.6643,0.5820,0.4358,12.7710,79.4275,-14.6718
1046480,-0.6619,0.5654,0.4412,10.0687,82.6489,-15.8473
1046490,-0.6646,0.5525,0.4399,6.6489,83.6031,-16.9389
1046490,-0.6504,0.5513,0.4365,2.4733,82.2366,-18.1832
1046500,-0.6362,0.5364,0.4104,-0.5115,79.2901,-17.2137
1046500,-0.6172,0.5315,0.3650,-2.9160,74.7405,-15.4656
1046510,-0.6011,0.5510,0.3369,-4.5573,68.0992,-12.4733
1046510,-0.6006,0.5786,0.3066,-4.8855,57.9771,-8.6870
1046520,-0.6101,0.6228,0.2834,-5.0000,44.7557,-4.0840
1046520,-0.6018,0.6667,0.2517,-4.1069,29.3130,1.0534
1046530,-0.5894,0.7139,0.2285,-2.8702,12.7252,5.8397
1046530,-0.5852,0.7629,0.2068,-1.3817,-4.1450,10.0763
1046540,-0.5620,0.8096,0.1882,1.0076,-20.0687,14.6489
1046540,-0.5315,0.8594,0.1609,3.2214,-31.6031,18.4427
1046550,-0.5083,0.8965,0.1401,5.9084,-35.9847,22.3282
1046550,-0.4871,0.9397,0.1465,9.7786,-40.1985,25.2748
1046560,-0.4824,0.9878,0.1572,12.1832,-43.3817,26.7710
1046560,-0.4890,1.0288,0.1746,15.4275,-45.5344,28.0229
1046570,-0.5112,1.0688,0.2249,16.7634,-45.1603,27.1679
1046580,-0.5107,1.1252,0.2385,18.2214,-46.0916,26.0076
1046580,-0.5200,1.1926,0.2295,20.7405,-46.7710,26.0611
1046590,-0.5447,1.2639,0.2329,24.9618,-49.6260,25.8779
1046590,-0.5710,1.3433,0.2561,28.4122,-55.3053,25.7710
1046600,-0.5779,1.3887,0.2793,30.1221,-63.5573,24.8244
1046600,-0.5662,1.3967,0.3196,31.0229,-77.1756,22.6336
1046610,-0.5168,1.3843,0.3403,31.0687,-92.0305,21.3740
1046610,-0.4536,1.3066,0.3511,30.1679,-104.8855,20.0916
1046620,-0.3674,1.2351,0.3506,25.7863,-113.4046,20.9771
1046620,-0.3020,1.1709,0.3342,20.1908,-119.5191,23.0534
1046630,-0.2415,1.1233,0.3296,12.1527,-121.6870,25.6489
1046630,-0.1782,1.1189,0.3174,3.6794,-125.3206,29.6107
1046640,-0.1008,1.0955,0.2593,-0.1832,-130.8779,34.3740
1046640,-0.0103,1.0793,0.1919,-0.3435,-138.5343,40.5878
1046650,0.0474,1.0278,0.1785,-2.5344,-148.3206,47.8244
1046650,0.0986,0.9648,0.2017,-3.8092,-162.5802,55.2595
1046660,0.1467,0.8870,0.2454,-5.6107,-181.6260,62.8550
1046660,0.1816,0.8193,0.2891,-9.6870,-203.3969,70.3664
1046670,0.1926,0.7656,0.2942,-16.8779,-224.1756,78.5115
1046670,0.2463,0.7310,0.2283,-19.6260,-243.2977,92.4427
1046680,0.1660,0.6035,0.2297,-18.2061,-250.1374,106.6107
1046690,0.0193,0.4502,0.2686,-15.2748,-250.1374,122.9237
1046690,-0.0740,0.4072,0.2959,-13.6870,-250.1374,132.9924
1046700,-0.1968,0.3613,0.2869,-6.6031,-250.1374,148.3740
1046700,-0.2988,0.3428,0.2424,2.9466,-250.1374,161.3969
1046710,-0.2468,0.3892,0.1665,12.2824,-250.1374,176.7405
1046710,-0.2449,0.2869,0.0146,26.9542,-250.1374,198.3359
1046720,-0.4131,0.3401,-0.1423,54.0305,-250.1374,207.5573
1046720,-0.5950,0.7100,-0.0027,90.1527,-240.4122,221.1756
1046730,-1.1777,1.5298,0.4009,74.5191,-180.5573,214.2977
1046730,-1.2671,1.7915,0.1226,46.0458,-62.3053,189.0992
1046740,-1.4399,1.8267,0.4373,25.3130,37.2443,162.0763
1046740,-1.1963,1.8879,0.3965,3.4275,76.8092,139.4351
1046750,-1.1987,1.8513,0.5237,-15.0534,70.0076,142.8321
1046760,-1.5386,1.9999,1.1506,-58.1527,-6.6641,132.7405
1046760,-1.1738,1.9999,0.9685,-92.7252,-99.0611,134.2748
1046770,-0.8408,1.9999,0.1270,-125.0840,-97.0382,134.5573
1046770,-0.8135,1.9999,-0.1528,-147.0305,-38.7786,110.4962
1046780,-0.7603,1.9999,-0.1746,-124.5267,6.0840,110.1374
1046780,-0.6006,1.6252,0.0374,-123.4122,-10.3511,90.0382
1046790,-0.3000,1.3550,-0.3416,-116.5496,-42.9084,85.7710
1046790,-0.2595,1.1191,-0.5186,-103.8931,-56.6565,82.1298
1046800,-0.2317,0.9985,-0.2271,-99.1221,-64.5038,74.2214
1046800,-0.2239,0.8743,-0.0728,-97.0534,-91.0916,68.6794
1046810,-0.1758,0.7793,-0.1147,-87.6947,-124.6260,59.7252
1046810,-0.0652,0.8848,0.7649,-95.1603,-172.9924,56.6565
1046820,0.2339,0.8855,0.9023,-131.3053,-216.4886,54.9313
1046830,0.7607,1.1157,0.5576,-161.8321,-218.0611,64.8855
1046830,1.0891,1.1533,0.0208,-174.0916,-154.5420,86.1374
1046840,0.6689,1.1204,-0.0444,-163.8092,-110.8397,93.3053
1046840,0.5210,1.1309,-0.0344,-141.9237,-97.3130,92.3969
1046850,0.3467,1.1587,0.0093,-119.5420,-104.2519,91.0305
1046850,0.2578,1.2085,0.0962,-96.4885,-127.5573,89.7252
1046860,0.2231,1.2854,0.1909,-87.0000,-154.9313,89.8855
1046860,0.2815,1.2590,0.2305,-74.6794,-174.7328,89.2595
1046870,0.2983,1.1858,0.3220,-59.9924,-179.6107,91.6183
1046870,0.2458,1.0840,0.4595,-50.2901,-165.6488,92.6031
1046880,0.1851,1.0320,0.6047,-43.1985,-141.3130,92.5343
1046880,0.1072,0.9607,0.6565,-39.9389,-116.9160,92.5954
1046890,-0.0107,0.8862,0.6248,-31.9313,-108.3359,90.8092
1046890,-0.0066,0.8159,0.5361,-26.0153,-104.9695,91.0458
1046900,-0.0886,0.8484,0.3713,-22.7252,-101.9847,89.8321
1046910,-0.0969,0.9084,0.3093,-23.8092,-89.6336,87.4580
1046910,-0.1177,0.8896,0.2441,-25.7786,-80.5115,83.8931
1046920,-0.1067,0.8608,0.2449,-29.7481,-70.2672,81.9160
1046920,-0.1858,0.8240,0.2419,-35.0382,-59.3969,78.0153
1046930,-0.2485,0.7842,0.2483,-39.1603,-53.0611,73.7328
1046930,-0.3430,0.7507,0.2349,-39.5038,-50.6641,67.5115
1046940,-0.3533,0.7456,0.2302,-39.5954,-51.6336,63.5420
1046940,-0.3926,0.6924,0.2583,-39.3588,-53.7176,59.1527
1046950,-0.4001,0.6802,0.2966,-40.5725,-57.1832,56.6260
1046950,-0.4622,0.6519,0.2742,-40.4198,-57.9389,50.4580
1046960,-0.4050,0.6448,0.2214,-38.3817,-59.6260,49.9084
1046960,-0.3757,0.6274,0.2166,-36.5649,-59.2672,49.8244
1046970,-0.3721,0.6018,0.3074,-40.2901,-57.3435,48.7786
1046970,-0.3149,0.5886,0.3462,-45.8931,-58.7863,48.7481
1046980,-0.2878,0.5745,0.3157,-49.6412,-62.4733,48.7252
1046990,-0.2532,0.5667,0.2578,-50.5573,-65.9313,49.1603
1046990,-0.2222,0.5813,0.2673,-54.0305,-65.9389,49.0534
1047000,-0.2017,0.5925,0.2441,-57.6183,-64.3588,47.9847
1047000,-0.2175,0.6174,0.2300,-60.0305,-61.6794,45.4198
1047010,-0.2085,0.6680,0.2073,-60.1374,-59.1756,41.7557
1047010,-0.1931,0.7041,0.2000,-60.0382,-55.2443,37.7328
1047020,-0.1543,0.7036,0.1963,-60.7252,-51.1908,33.4580
1047020,-0.1409,0.7043,0.1816,-61.2748,-45.5954,30.1603
1047030,-0.1428,0.7224,0.1257,-59.5267,-39.9771,25.8855
1047030,-0.1870,0.7117,0.1028,-54.7023,-33.5954,19.9924
1047040,-0.1772,0.7339,0.0908,-47.7328,-28.3664,15.2748
1047040,-0.1418,0.7107,0.1245,-41.0763,-25.1145,10.9237
1047050,-0.1375,0.6941,0.1504,-34.2824,-23.7481,6.8855
1047050,-0.1497,0.6692,0.1819,-26.9771,-26.0916,2.9847
1047060,-0.1375,0.6885,0.1792,-19.9542,-27.6870,-0.2977
1047060,-0.1331,0.6882,0.1687,-10.2061,-30.4962,-3.8855
1047070,-0.1025,0.6895,0.1580,0.4885,-33.0763,-6.4809
1047070,-0.1265,0.6987,0.1746,10.3282,-35.0000,-9.6183
1047080,-0.0920,0.7156,0.1516,20.4733,-35.3588,-13.1985
1047090,-0.0786,0.6968,0.1704,29.6183,-36.2519,-16.6947
1047090,0.0308,0.6387,0.2336,36.4046,-35.8015,-19.6947
1047100,0.0076,0.6460,0.2061,37.1756,-32.5802,-24.0076
1047100,0.0151,0.6519,0.1816,39.0840,-26.9618,-27.7557
1047110,0.0479,0.6548,0.1721,41.6489,-21.3053,-31.1221
1047110,0.0969,0.6487,0.1726,42.8626,-16.9084,-34.4351
1047120,0.1028,0.6060,0.2581,38.9237,-12.0458,-38.7939
1047120,0.1218,0.5801,0.2288,35.7252,-8.2366,-42.0534
1047130,0.1758,0.6287,0.2007,35.1908,-4.6947,-44.6718
1047130,0.1460,0.6292,0.2070,36.0458,-1.7939,-49.0687
1047140,0.1653,0.6484,0.1736,37.8931,2.1908,-51.5954
1047140,0.1509,0.6248,0.1926,40.1527,4.4427,-56.6260
1047150,0.1523,0.6296,0.2217,41.1603,7.4656,-59.6031
1047150,0.1230,0.6125,0.2283,42.4962,10.4809,-63.7328
1047160,0.1091,0.6255,0.2288,43.2290,14.5802,-68.3740
1047160,0.0916,0.6409,0.2412,43.9160,19.0611,-72.7786
1047170,0.0730,0.6643,0.2280,44.3893,23.8397,-76.8092
1047170,0.0261,0.6672,0.2380,46.1527,28.4504,-81.4198
1047180,0.0071,0.6824,0.2529,47.5267,32.5573,-85.8855
1047180,-0.0002,0.6973,0.2603,49.2137,37.0992,-89.5649
1047190,0.0129,0.7002,0.2769,50.4046,42.3969,-93.2137
1047190,-0.0181,0.6509,0.3494,49.4275,46.8244,-96.7099
1047200,-0.0491,0.6689,0.3176,49.1985,51.6718,-99.5573
1047200,-0.0850,0.6902,0.2957,49.9008,59.3053,-105.2519
1047210,-0.0476,0.6968,0.2893,50.3206,66.7634,-109.3664
1047210,-0.0786,0.6829,0.2974,49.7176,71.1527,-115.4885
1047220,-0.1157,0.6538,0.2578,51.1985,76.0534,-120.9618
1047220,-0.1218,0.6558,0.2339,53.1756,78.6718,-126.2519
1047230,-0.1145,0.6379,0.2307,55.0076,79.6107,-131.7481
1047240,-0.1260,0.6121,0.2847,55.5802,80.5725,-136.8626
1047240,-0.1313,0.5481,0.3169,54.9160,83.0687,-140.7786
1047250,-0.1052,0.5469,0.3833,53.2443,83.6336,-143.9237
1047250,-0.1833,0.5308,0.3765,53.7939,84.6794,-148.6183
1047260,-0.1663,0.5522,0.4421,55.0153,81.3435,-151.9618
1047260,-0.1870,0.5332,0.4270,55.7710,78.0229,-156.3282
1047270,-0.0864,0.5552,0.4297,55.7634,75.1985,-158.0000
1047270,-0.1216,0.5676,0.4534,55.8626,67.8015,-158.6870
1047280,-0.0618,0.6284,0.4309,56.6718,58.2061,-158.6488
1047280,-0.0437,0.6853,0.3523,58.4198,50.0534,-158.4198
1047290,0.0430,0.7783,0.3132,60.4504,41.8779,-156.6488
1047290,0.1260,0.8796,0.2739,61.8626,34.4504,-149.6183
1047300,0.1667,0.9719,0.2192,63.5115,20.3130,-139.3817
1047300,0.2664,1.1379,0.2065,65.9160,15.0153,-130.3664
1047310,0.3337,1.3301,0.3323,63.9618,1.0992,-114.3435
1047310,0.2615,1.4167,0.3848,56.0305,-13.8626,-106.8473
1047320,0.3162,1.6733,0.3994,48.5649,-22.4046,-94.2824
1047320,0.3472,1.7983,0.3159,41.2595,-28.0992,-92.2366
1047330,0.2949,1.9036,0.3867,35.8168,-30.0687,-85.5343
1047340,0.3171,1.8914,0.4675,30.2443,-39.0534,-86.7176
1047340,0.4373,1.9741,0.4788,25.6718,-42.9160,-88.6336
1047350,0.3623,1.9999,0.5576,17.6947,-52.6641,-81.1145
1047350,0.2830,1.9999,0.4421,11.0000,-55.7557,-77.5496
1047360,0.1633,1.9058,0.3247,6.8015,-48.5115,-80.6260
1047360,0.1238,1.7952,0.3782,6.2519,-42.9160,-81.3359
1047370,0.1292,1.7190,0.4255,4.2519,-44.3435,-79.1985
1047370,0.0811,1.5933,0.4548,-0.9237,-41.9924,-74.7252
1047380,0.0779,1.4395,0.4688,-7.7405,-32.7939,-69.1527
1047380,0.1296,1.3062,0.4375,-12.5802,-19.9389,-61.9618
1047390,0.2085,1.3088,0.3748,-13.9847,-4.7786,-51.0382
1047390,0.2368,1.3899,0.3806,-15.5115,9.3740,-39.5573
1047400,0.2073,1.4829,0.4243,-17.4886,21.9008,-30.7557
1047400,0.1860,1.5188,0.4619,-20.9466,28.9313,-24.5344
1047410,0.1702,1.4397,0.4153,-22.2748,33.0229,-19.5496
1047410,0.1389,1.2600,0.3096,-18.8321,39.5115,-17.0611
1047420,0.0942,1.0237,0.2078,-10.1374,48.3511,-17.0611
1047420,0.0415,0.9004,0.1528,1.2519,55.4656,-16.4962
1047430,-0.0520,0.8621,0.1787,10.8473,60.3664,-17.0916
1047430,-0.1902,0.8525,0.1865,16.1527,60.7939,-19.0840
1047440,-0.3147,0.8557,0.1533,18.6947,60.6794,-23.9466
1047440,-0.4031,0.9189,0.1467,17.0458,61.6870,-30.3893
1047450,-0.4280,1.0056,0.2227,13.7481,52.4275,-35.6718
1047450,-0.3755,1.0916,0.3291,5.1908,37.0992,-39.6641
1047460,-0.2571,1.1824,0.4177,-7.8397,18.9389,-40.2748
1047470,-0.0791,1.2322,0.4026,-21.9695,5.8626,-37.9618
1047470,0.0745,1.2061,0.2786,-31.9389,3.5115,-32.5802
1047480,0.1560,1.1709,0.1956,-36.9847,7.4198,-25.7176
1047480,0.2554,1.1833,0.1487,-36.1527,12.3740,-20.9466
1047490,0.2668,1.2493,0.1245,-35.5878,14.5802,-12.4580
1047490,0.2395,1.3281,0.1064,-32.3817,17.2595,-10.2519
1047500,0.2339,1.4221,0.0879,-30.7405,23.5420,-6.8321
1047500,0.2144,1.4536,0.0935,-31.0611,28.5267,-1.2214
1047510,0.1611,1.4607,0.0823,-32.0611,35.4275,4.5267
1047510,0.0930,1.4221,0.0879,-34.5038,45.2977,9.1908
1047520,0.0452,1.3540,0.0710,-37.5344,62.1832,12.2901
1047520,-0.0425,1.2573,0.0352,-39.2061,80.9542,14.8779
1047530,-0.1731,1.1506,-0.0317,-35.1832,90.8092,18.2672
1047530,-0.2937,1.0415,-0.0808,-27.6260,91.2137,21.2443
1047540,-0.5884,0.8630,-0.2363,-14.9084,92.6107,16.5725
1047540,-0.7109,0.8384,-0.2156,-3.9618,89.0687,8.4275
1047550,-0.8591,0.8206,-0.2141,5.1603,88.9542,-1.3282
1047550,-1.0066,0.7881,-0.0471,16.3969,72.7786,-16.3053
1047560,-0.9829,0.7200,-0.0193,21.0687,49.0534,-30.3969
1047560,-0.9558,0.6011,0.0544,24.4122,34.9389,-41.4275
1047570,-0.9741,0.4888,0.1487,24.7099,26.4198,-50.1527
1047570,-0.9304,0.4788,0.2148,25.7557,19.1527,-58.1908
1047580,-0.8708,0.4417,0.3408,17.7863,23.0076,-62.5725
1047580,-0.8860,0.5085,0.4189,8.8550,28.9237,-69.7252
1047590,-0.8071,0.5840,0.4429,1.9924,33.2672,-75.9160
1047590,-0.6394,0.5925,0.4238,-0.9771,34.4885,-79.7710
1047600,-0.6560,0.5898,0.3540,1.1450,25.3053,-83.5343
1047600,-0.6699,0.6018,0.3669,-1.8168,19.9389,-86.9618
1047610,-0.6050,0.6672,0.4045,-13.0840,27.0840,-87.7405
1047620,-0.5596,0.7710,0.4626,-26.4733,50.9542,-87.1450
1047620,-0.5447,0.7927,0.4656,-43.1374,84.9160,-89.7634
1047630,-0.4978,0.7622,0.4944,-56.4962,125.0153,-86.3893
1047630,-0.6445,0.8228,0.5063,-69.7405,164.5802,-89.0305
1047640,-0.6580,0.8359,0.4497,-73.3359,196.2824,-89.7939
1047640,-0.5669,0.8403,0.3025,-65.9695,215.4046,-86.1221
1047650,-0.5620,0.8467,0.3455,-57.5038,211.2290,-80.2443
1047650,-0.4810,0.8276,0.2683,-54.6183,214.7786,-70.1603
1047660,-0.4346,0.7476,0.3574,-49.9924,223.4427,-57.5878
1047660,-0.3950,0.7380,0.4543,-54.1832,203.7023,-47.8855
1047670,-0.3096,0.7295,0.3721,-58.7557,191.7405,-35.7557
1047670,-0.3315,0.7012,0.3755,-66.2672,195.4886,-26.1679
1047680,-0.4114,0.6292,0.3210,-66.5115,191.8473,-19.4046
1047690,-0.4050,0.6870,0.3171,-64.6870,177.4351,-12.0458
1047690,-0.3928,0.7290,0.2185,-63.1374,156.8626,-7.5420
1047700,-0.5059,0.7178,0.2361,-58.8244,137.0611,-5.8168
1047700,-0.4775,0.7737,0.2109,-52.2672,110.6107,-3.3511
1047710,-0.4951,0.7869,0.1750,-45.6794,83.9008,-2.1527
1047710,-0.5383,0.7217,0.1714,-39.7786,72.4809,0.2137
1047720,-0.5317,0.7466,0.1738,-34.9847,60.9389,2.2977
1047720,-0.5632,0.7737,0.1909,-33.2519,54.8702,4.3511
1047730,-0.5854,0.8274,0.2009,-31.4809,52.1985,6.6031
1047730,-0.5745,0.8691,0.2034,-31.0687,52.1374,8.4733
1047740,-0.5320,0.9043,0.2097,-30.9313,54.5038,10.6260
1047740,-0.5100,0.8918,0.2097,-30.4427,58.2595,12.9618
1047750,-0.4617,0.8792,0.2285,-29.9695,63.6718,16.0153
1047750,-0.4287,0.8525,0.2520,-30.4275,71.0840,17.4580
1047760,-0.4055,0.8628,0.2720,-29.3893,77.4275,17.5267
1047760,-0.3721,0.8843,0.2920,-28.4962,82.6260,17.7176
1047770,-0.3794,0.8577,0.3020,-27.9924,83.1908,16.6565
1047770,-0.3230,0.8760,0.2888,-27.9237,80.1603,13.9313
1047780,-0.3203,0.8501,0.2664,-26.4886,77.9542,12.8626
1047780,-0.3022,0.8506,0.2722,-25.7176,74.1756,9.6183
1047790,-0.2947,0.8584,0.2500,-26.0840,69.4657,7.1374
1047790,-0.2898,0.8608,0.2305,-26.2977,64.4275,4.1679
1047800,-0.3049,0.8367,0.2251,-26.0076,58.8321,0.2519
1047800,-0.2878,0.8462,0.1938,-24.2443,51.1374,-3.2519
1047810,-0.2932,0.8372,0.1594,-21.5344,44.2214,-7.1679
1047810,-0.2815,0.8340,0.1265,-17.3893,38.2824,-11.9008
1047820,-0.2874,0.8296,0.1160,-13.0153,35.3740,-14.9237
1047830,-0.2898,0.8284,0.0820,-8.4962,33.1756,-17.2672
1047830,-0.3071,0.8352,0.0762,-6.4885,31.6107,-19.4580
1047840,-0.3225,0.8435,0.0427,-1.4809,30.1145,-20.7557
1047840,-0.3535,0.8401,0.0532,1.5573,30.2748,-23.2672
1047850,-0.3567,0.8528,0.0315,3.8931,28.3511,-25.3511
1047850,-0.3750,0.8596,0.0239,7.4733,25.8092,-27.7557
1047860,-0.3831,0.8628,0.0105,12.8779,25.6947,-28.6641
1047860,-0.3955,0.8640,0.0244,16.6336,25.8321,-30.3053
1047870,-0.3899,0.8796,0.0161,21.1221,26.4580,-31.9237
1047870,-0.3960,0.8845,0.0513,24.6489,28.6870,-33.0687
1047880,-0.3989,0.8848,0.0730,29.0458,29.2290,-33.0382
1047880,-0.4106,0.8628,0.0996,30.9847,29.5954,-33.0763
1047890,-0.4028,0.8545,0.1265,34.0153,28.7023,-32.8626
1047890,-0.3975,0.8457,0.1787,37.9542,27.7557,-34.2977
1047900,-0.4019,0.8450,0.2219,39.4275,27.2519,-35.0840
1047900,-0.3992,0.8416,0.2476,40.2901,25.6565,-35.0992
1047910,-0.3936,0.8352,0.2673,40.9847,23.6260,-35.9160
1047910,-0.3850,0.8364,0.2969,39.9237,21.1374,-37.1756
1047920,-0.3899,0.8391,0.3208,41.2748,21.1603,-36.5267
1047920,-0.3862,0.8408,0.3296,41.9695,22.4427,-36.9847
1047930,-0.4111,0.8210,0.3730,41.9160,26.1908,-36.1298
1047930,-0.4243,0.7935,0.3738,40.4351,29.6489,-34.9008
1047940,-0.4126,0.7764,0.3689,38.8626,31.1908,-35.2366
1047950,-0.4353,0.7695,0.3770,37.9008,37.4122,-33.0076
1047950,-0.4490,0.7468,0.3904,34.6489,42.8702,-32.7710
1047960,-0.4551,0.7371,0.3716,32.1069,46.4580,-31.4504
1047960,-0.4739,0.7222,0.3691,29.7939,49.8092,-30.0382
1047970,-0.4917,0.7141,0.3594,26.4733,51.1069,-29.1145
1047970,-0.4941,0.7148,0.3228,23.8168,50.7939,-28.3664
1047980,-0.5310,0.6865,0.3481,19.0534,50.8855,-26.6412
1047980,-0.5332,0.6863,0.3528,13.6565,48.2748,-24.7405
1047990,-0.5415,0.6792,0.3413,7.9237,44.8626,-20.4122
1047990,-0.5193,0.6555,0.3733,1.5344,45.1985,-15.9237
1048000,-0.4819,0.6506,0.3901,-5.7023,44.7176,-10.5038
1048000,-0.4792,0.6196,0.4270,-13.0534,43.0992,-3.7863
1048010,-0.4553,0.6008,0.4131,-21.2443,39.1603,2.0153
1048010,-0.4133,0.5759,0.3906,-26.0763,40.9160,8.8550
1048020,-0.4038,0.5603,0.3950,-30.3664,42.4122,13.9924
1048020,-0.4214,0.5500,0.3794,-31.7328,43.7405,21.2366
1048030,-0.4260,0.5894,0.3909,-35.8779,40.9313,22.8321
1048030,-0.4568,0.6230,0.3574,-36.0992,35.5038,25.5114
1048040,-0.5425,0.6511,0.3677,-38.6183,29.7328,24.6870
1048040,-0.5833,0.7048,0.3396,-37.0687,22.4427,25.2672
1048050,-0.6575,0.7231,0.3672,-38.2672,17.7023,22.8015
1048050,-0.6863,0.8037,0.3391,-36.3435,10.7405,22.3893
1048060,-0.7676,0.8252,0.3918,-37.6947,7.2519,20.4427
1048060,-0.8027,0.8970,0.3926,-35.5649,1.5878,22.2824
1048070,-0.8447,0.9414,0.4512,-39.9847,-1.6794,18.5114
1048070,-0.8875,0.9734,0.4749,-42.4504,-5.6641,18.5725
1048080,-0.9038,1.0242,0.5159,-49.0458,-8.5649,17.7252
1048090,-0.9014,1.0527,0.5198,-53.1145,-10.0305,19.3359
1048090,-0.9387,1.0645,0.5173,-57.4504,-11.2977,21.2137
1048100,-0.9189,1.0806,0.5044,-61.7023,-10.3206,25.4351
1048100,-0.8464,1.1616,0.4629,-65.6947,-9.6641,28.8244
1048110,-0.8306,1.1946,0.4509,-64.8244,-8.5878,35.4427
1048110,-0.8027,1.2043,0.4487,-65.0763,-9.3282,36.6183
1048120,-0.7483,1.2227,0.4207,-63.4351,-10.0992,40.4504
1048120,-0.6863,1.2131,0.4177,-62.6489,-12.7710,41.4198
1048130,-0.5928,1.2004,0.4084,-58.3435,-16.8855,43.6336
1048130,-0.5066,1.1685,0.4199,-55.8015,-22.6641,44.8015
1048140,-0.3953,1.1453,0.4197,-54.4885,-32.6031,44.8015
1048140,-0.2937,1.0837,0.4229,-54.0458,-43.9084,46.6794
1048150,-0.1587,1.0352,0.3870,-55.9695,-54.2137,48.1069
1048150,-0.1279,0.9688,0.4202,-56.7099,-66.1679,53.0076
1048160,-0.0713,0.9011,0.3948,-57.3740,-78.6489,58.2748
1048160,-0.0054,0.8557,0.3877,-57.2824,-91.4351,64.0000
1048170,0.0867,0.8071,0.3240,-57.0305,-103.0840,70.0840
1048170,0.1172,0.7393,0.2700,-55.6870,-111.4046,77.5343
1048180,0.1753,0.6873,0.1531,-49.9160,-122.2901,87.2443
1048190,0.1724,0.6072,0.0859,-45.0076,-127.6183,94.4657
1048190,0.1890,0.5903,0.0569,-37.0840,-130.5725,106.1832
1048200,0.2361,0.5779,-0.0190,-31.6794,-130.1908,118.1450
1048200,0.1758,0.5159,-0.0820,-28.0534,-118.7481,133.0000
1048210,0.1694,0.5732,-0.0552,-17.8244,-122.2595,143.2824
1048210,0.2339,0.6099,-0.0754,-8.7863,-117.1221,158.3130
1048220,0.2031,0.6206,-0.0710,-1.9160,-104.4809,173.4427
1048220,0.1135,0.5603,-0.0254,5.7328,-92.0000,181.4046
1048230,0.1040,0.5232,-0.0898,14.6489,-77.5267,187.3817
1048230,0.0972,0.5840,-0.0605,24.4427,-64.2443,192.8931
1048240,0.0483,0.5452,-0.0745,31.6718,-42.4198,191.8855
1048240,-0.0618,0.5796,0.0232,36.7176,-16.4656,191.0000
1048250,-0.1338,0.6724,0.0974,35.0916,9.4275,186.1832
1048250,-0.2505,0.9304,0.1777,31.8702,30.6260,185.1679
1048260,-0.3711,1.0940,0.1660,28.5878,36.7710,185.2519
1048270,-0.4856,1.2239,0.1514,23.8321,31.9695,180.9924
1048270,-0.6255,1.3254,0.0757,20.7634,28.3588,174.4275
1048280,-0.7275,1.5718,0.1677,11.4275,34.6489,159.1145
1048280,-0.7676,1.7290,0.4556,-4.3664,26.4962,143.6565
1048290,-0.8220,1.8347,0.4783,-28.6718,16.4809,123.8397
1048290,-0.7791,1.8301,0.6672,-62.3511,24.5038,101.0458
1048300,-0.6565,1.6624,0.5759,-83.3053,30.8779,89.8473
1048300,-0.6370,1.5217,0.5557,-97.4580,28.5267,79.5115
1048310,-0.6135,1.4958,0.4177,-104.3282,28.1069,67.7252
1048310,-0.6062,1.4800,0.3425,-113.2137,24.2748,47.3893
1048320,-0.5859,1.4744,0.3123,-119.9847,19.0458,34.3359
1048320,-0.5598,1.4299,0.2175,-125.9084,3.6031,19.8855
1048330,-0.5037,1.3896,0.1526,-128.8931,-9.5802,9.3053
1048330,-0.4619,1.3394,0.0754,-129.8015,-29.3053,1.2672
1048340,-0.4497,1.2913,0.0442,-129.7176,-46.3588,-8.6718
1048340,-0.3870,1.2932,0.0342,-128.2290,-60.9008,-17.1298
1048350,-0.3108,1.2705,-0.0049,-125.7405,-72.3740,-25.5344
1048360,-0.2300,1.2417,-0.0105,-123.8168,-78.1756,-29.3740
1048360,-0.1479,1.2244,-0.0359,-119.8321,-83.7405,-35.6718
1048370,-0.0869,1.2693,0.0635,-110.4275,-85.1221,-35.4504
1048370,-0.1311,1.3464,0.1033,-104.5878,-89.7176,-34.1145
1048380,-0.1582,1.3164,0.0364,-94.7099,-89.6183,-38.1298
1048380,-0.1194,1.2559,-0.0374,-84.5267,-84.6489,-40.4809
1048390,-0.1082,1.1792,-0.1101,-69.6489,-80.9237,-39.0992
1048390,-0.1152,1.1453,-0.1052,-56.1450,-81.2061,-36.6641
1048400,-0.1497,1.0894,-0.1279,-40.4427,-84.6260,-32.7481
1048400,-0.1204,1.0549,-0.1707,-25.5191,-81.4351,-28.1527
1048410,-0.0417,0.9832,-0.1602,-11.7710,-84.4733,-21.7710
1048420,-0.0322,0.9326,-0.2419,-0.2901,-89.9389,-20.5725
1048420,-0.1438,0.9460,-0.1470,12.8626,-98.0992,-18.7939
1048430,-0.2297,0.8416,-0.0903,22.0229,-112.0687,-19.8779
1048430,-0.1245,0.7693,-0.2048,39.0305,-127.0992,-21.0000
1048440,-0.0164,0.7195,-0.1670,50.3130,-124.1985,-21.1221
1048440,0.0757,0.7527,-0.0325,52.5802,-109.7252,-17.7786
1048450,0.0637,0.7327,-0.0063,57.0076,-94.9695,-12.7328
1048450,-0.0215,0.6704,0.0918,57.8321,-80.4275,-12.8855
1048460,-0.0684,0.6462,0.1978,60.4580,-84.0076,-9.4427
1048460,-0.0488,0.6455,0.1096,61.4504,-92.1908,-5.7252
1048470,-0.0923,0.6287,0.0837,62.8321,-90.3740,-4.3511
1048470,-0.0811,0.6404,0.0657,67.2137,-88.6336,-2.5191
1048480,-0.0735,0.6382,0.0815,70.8931,-86.2595,0.3969
1048480,-0.0752,0.6814,0.0908,72.7176,-81.4275,1.7252
1048490,-0.0908,0.6995,0.0803,75.7786,-69.9847,3.0687
1048490,-0.1123,0.7024,0.0979,80.2672,-59.3740,3.8473
1048500,-0.1687,0.6433,0.1851,82.8244,-51.5573,2.8931
1048500,-0.1963,0.6179,0.2791,83.2824,-44.9695,2.7099
1048510,-0.2822,0.5710,0.3765,82.7786,-37.7557,2.3130
1048520,-0.2729,0.5698,0.3984,79.2519,-29.7023,0.7710
1048520,-0.3000,0.5547,0.4192,75.7328,-23.4275,-1.5420
1048530,-0.4177,0.4951,0.4807,70.2366,-19.0916,-7.2824
1048530,-0.4458,0.4839,0.4456,64.5267,-13.4656,-12.2366
1048540,-0.4373,0.4944,0.4558,56.8702,-8.1374,-16.9847
1048540,-0.4502,0.4800,0.3931,49.4275,-4.3053,-22.6794
1048550,-0.4539,0.4695,0.3425,44.7176,-0.1145,-27.1374
1048550,-0.4517,0.4680,0.3523,37.3206,1.3740,-34.3130
1048560,-0.4585,0.4507,0.3882,29.6336,-2.1679,-40.9542
1048560,-0.4270,0.4309,0.3340,21.4886,-5.7786,-46.2366
1048570,-0.4343,0.4336,0.2859,15.5191,-6.2290,-52.8550
1048570,-0.3826,0.4370,0.2603,9.7863,-3.1221,-59.5496
1048580,-0.3611,0.4595,0.2629,6.8168,-1.4809,-63.5420
1048580,-0.3523,0.4597,0.2671,1.9542,0.9466,-68.8779
1048590,-0.3342,0.4714,0.2852,-2.5725,1.5496,-72.8931
1048590,-0.3103,0.4753,0.2842,-6.2595,3.7863,-77.0916
1048600,-0.2988,0.4844,0.2969,-9.2519,5.3588,-81.2748
1048600,-0.2493,0.5698,0.2424,-10.0916,5.3588,-83.9160
1048610,-0.2395,0.6482,0.2341,-8.3282,5.9618,-85.1756
1048610,-0.1985,0.7319,0.2278,-7.0153,4.2901,-84.9924
1048620,-0.1655,0.8169,0.2188,-5.6947,-0.3588,-85.6794
1048620,-0.1506,0.8889,0.2634,-2.8168,-3.2443,-85.5420
1048630,-0.0791,0.9597,0.3845,-6.0076,-11.2443,-84.3817
1048630,0.0459,1.0837,0.4905,-12.3511,-23.0076,-78.4504
1048640,0.1836,1.3149,0.6436,-22.7557,-37.2061,-69.0687
1048640,0.2947,1.4851,0.7654,-37.0916,-51.9160,-55.6794
1048650,0.4519,1.6057,0.8442,-55.8855,-64.4733,-38.6489
1048660,0.6592,1.6970,0.8369,-74.2901,-71.6947,-21.7481
1048660,0.6367,1.6885,0.8276,-85.9160,-66.5573,-5.7252
1048670,0.7319,1.6797,0.7456,-94.2366,-52.9771,-0.7481
1048670,0.7581,1.6089,0.5789,-91.9237,-36.9771,6.3740
1048680,0.9094,1.4824,0.3345,-79.1221,-10.9924,8.1374
1048680,0.8660,1.4641,0.4336,-66.1527,10.8779,14.8855
1048690,0.8098,1.3687,0.4529,-55.1527,22.8702,27.1832
1048690,0.7695,1.2744,0.4304,-42.8321,35.0153,42.2443
1048700,0.6831,1.2021,0.4768,-31.3282,48.8779,54.1603
1048700,0.5344,1.1533,0.6179,-22.2519,57.2672,63.1603
1048710,0.4111,1.1057,0.7034,-16.4427,61.9542,69.6565
1048710,0.3091,1.0535,0.7537,-13.4122,64.8626,73.9160
1048720,0.2107,1.0251,0.7063,-13.9237,72.0840,77.8092
1048720,0.0962,1.0249,0.5845,-14.3359,86.4122,79.8244
1048730,-0.0103,1.0037,0.4016,-11.4504,97.3435,79.2443
1048730,0.0068,1.0112,0.1958,-5.4962,108.8321,77.1832
1048740,-0.0500,1.1384,0.1184,-2.5267,120.8855,77.4962
1048740,-0.4106,1.1279,0.2339,-2.9924,104.7252,68.7786
1048750,-0.4036,1.0691,0.1719,4.9237,63.8626,53.4122
1048750,-0.4065,1.0920,0.1006,11.7481,32.4580,36.9008
1048760,-0.3965,1.1802,0.1265,17.8626,3.3053,21.5649
1048760,-0.4526,1.1211,0.1501,20.4427,-28.1298,7.0840
1048770,-0.4258,1.0586,0.1321,22.4046,-50.6107,-5.7099
1048770,-0.4199,0.9993,0.1243,20.5191,-62.2595,-15.3740
1048780,-0.4329,0.9705,0.0757,18.6718,-68.4122,-25.4427
1048780,-0.4475,0.9619,0.0149,16.8855,-67.3130,-35.2901
1048790,-0.4082,0.9856,-0.0684,15.0382,-61.9237,-42.1298
1048790,-0.3889,1.0366,-0.1082,13.3893,-56.2901,-45.2290
1048800,-0.4104,1.0774,-0.1125,10.1756,-56.8168,-47.5191
1048810,-0.4470,1.1570,-0.0063,6.7786,-64.3130,-50.8168
1048810,-0.4788,1.2307,0.1797,-3.3359,-85.3206,-54.2366
1048820,-0.4783,1.2859,0.3352,-14.2748,-113.0305,-57.3282
1048820,-0.2634,1.3242,0.3455,-28.6031,-134.7328,-54.2061
1048830,-0.1741,1.3088,0.2781,-42.4733,-135.3817,-50.0305
1048830,-0.0408,1.3047,0.2197,-51.1374,-128.1069,-49.9924
1048840,0.0647,1.1990,0.1021,-57.4427,-106.2977,-43.8015
1048840,0.1428,1.1912,-0.0964,-50.1832,-88.3130,-34.1374
1048850,0.1321,1.1631,-0.1467,-37.3511,-71.9695,-20.7405
1048850,0.0659,1.1628,-0.1345,-25.7328,-56.9008,-9.2214
1048860,0.0369,1.1626,-0.0913,-15.2061,-41.0229,0.6641
1048860,0.0251,1.1455,-0.0625,-7.5420,-26.6641,10.1374
1048870,-0.0598,1.0874,-0.1013,5.5954,-15.4504,19.9771
1048880,-0.1440,1.0356,-0.1477,18.2214,-4.3435,27.1069
1048880,-0.2864,1.0042,-0.2063,32.0153,7.5725,32.7405
1048890,-0.4771,0.9695,-0.2307,45.1679,19.2748,35.7099
1048890,-0.6887,0.9585,-0.1682,54.1221,30.6183,36.7328
1048900,-0.9209,0.9487,-0.0623,58.6260,34.8473,34.2824
1048900,-1.0542,0.9045,-0.0127,64.9466,29.6718,29.0992
1048910,-1.0610,0.8125,0.1018,60.1985,43.4809,19.8702
1048910,-1.0234,0.7241,0.3650,50.4351,57.6794,11.5878
1048920,-1.0894,0.7444,0.5266,38.4122,62.5420,1.7405
1048920,-1.1565,0.7878,0.5635,32.2824,54.6107,-13.6183
1048930,-1.1404,0.8533,0.5840,19.6183,45.2672,-29.5114
1048930,-1.0613,0.8828,0.6228,3.9084,47.8931,-39.5573
1048940,-1.0300,0.8972,0.6484,-9.3435,55.1985,-48.1527
1048940,-1.0439,0.8811,0.5544,-17.5191,57.4885,-60.3130
1048950,-0.9578,0.8684,0.5337,-23.2137,60.1679,-67.4657
1048950,-0.9690,0.9163,0.5151,-27.8550,55.4351,-77.2901
1048960,-0.8337,0.9546,0.4915,-31.8626,48.8168,-81.0763
1048960,-0.6765,0.9658,0.4690,-36.2748,49.8473,-82.7099
1048970,-0.5286,0.9683,0.4360,-39.7328,58.3053,-84.0534
1048970,-0.4287,0.9646,0.4888,-44.3206,73.6412,-86.3130
1048980,-0.3035,0.9507,0.5530,-51.1450,87.0992,-84.4733
1048980,-0.3010,0.8901,0.5640,-54.6947,100.2137,-79.5725
1048990,-0.2236,0.8506,0.5029,-54.6107,107.2061,-73.3053
1049000,-0.1501,0.8032,0.3789,-52.6718,119.4733,-66.7328
1049000,-0.1584,0.7908,0.3389,-48.4122,130.6183,-59.5115
1049010,-0.1968,0.7881,0.2969,-43.3817,140.0458,-54.6336
1049010,-0.2139,0.7793,0.2625,-41.0534,147.8244,-50.7023
1049020,-0.2156,0.7717,0.1926,-35.9084,149.0153,-45.9313
1049020,-0.2419,0.7551,0.1353,-29.9389,149.0229,-42.1145
1049030,-0.2136,0.7466,0.0864,-20.8168,145.9771,-38.7710
1049030,-0.1851,0.8008,0.0522,-13.0382,142.9237,-34.9771
1049040,-0.1702,0.7812,0.0469,-6.4504,141.5343,-30.7405
1049040,-0.1011,0.7915,0.0430,-0.7405,140.0611,-27.7405
1049050,-0.0647,0.8232,0.0603,4.4504,141.3893,-22.7405
1049050,-0.0308,0.8167,0.0842,6.4962,142.5802,-18.1603
1049060,-0.0271,0.8440,0.1162,8.7939,148.4733,-14.9924
1049060,-0.0540,0.8752,0.1882,9.9847,149.3740,-11.4504
1049070,-0.0659,0.8867,0.1909,11.3053,148.1527,-7.9771
1049080,-0.0923,0.8689,0.2473,11.8397,147.3435,-4.3511
1049080,-0.0874,0.8865,0.2275,12.7786,141.6870,-1.3359
1049090,-0.1069,0.8916,0.2488,11.7939,138.3969,0.0076
1049090,-0.1294,0.8809,0.2529,11.2366,136.6870,-0.5954
1049100,-0.1179,0.9021,0.2585,10.2137,134.4580,-1.6412
1049100,-0.1196,0.9534,0.2490,9.3130,132.6718,0.5649
1049110,-0.1450,0.9531,0.2515,7.4809,132.2824,2.0611
1049110,-0.1772,0.9165,0.2625,6.5038,131.1069,-0.6947
1049120,-0.1514,0.9636,0.2683,7.7252,127.9924,-3.8168
1049120,-0.1833,0.9641,0.2715,7.0000,125.0534,-6.4656
1049130,-0.2251,0.9363,0.2837,7.1450,123.1145,-10.9924
1049130,-0.2273,0.9829,0.3086,8.4809,120.0305,-15.7939
1049140,-0.2524,0.9712,0.3013,8.3969,116.6107,-21.5420
1049140,-0.2742,0.9780,0.3137,9.2824,113.0458,-26.3893
1049150,-0.2903,0.9587,0.3066,10.8321,109.3435,-32.5191
1049150,-0.2913,0.9363,0.2959,12.5344,107.6107,-38.5191
1049160,-0.2900,0.9324,0.3313,16.1069,100.7252,-44.3053
1049160,-0.2617,0.9373,0.3379,19.6183,95.9771,-47.2443
1049170,-0.2800,0.8674,0.3496,22.4122,89.4275,-50.3359
1049170,-0.2534,0.8584,0.3557,25.4809,84.5343,-51.5725
1049180,-0.2493,0.8069,0.3481,27.8397,79.9237,-51.6412
1049180,-0.2461,0.7913,0.3804,30.8321,74.1908,-49.9008
1049190,-0.2395,0.7961,0.3691,31.5878,65.6412,-47.2366
1049190,-0.2061,0.8704,0.4009,31.9542,56.0000,-44.0382
1049200,-0.3159,0.8713,0.3923,19.1298,46.1756,-34.7786
1049200,-0.2458,0.7192,0.3635,18.5573,30.9847,-38.4275
1049210,-0.1956,0.7463,0.3889,24.5191,17.7023,-38.8321
1049220,-0.1821,0.7644,0.4033,30.2290,5.6565,-38.4046
1049220,-0.1899,0.7844,0.4285,34.4733,-2.2901,-35.3969
1049230,-0.2417,0.8127,0.4492,34.5649,-9.5420,-32.5191
1049230,-0.2744,0.8557,0.4800,32.2748,-12.8931,-28.5420
1049240,-0.2925,0.8672,0.4634,28.6031,-17.7557,-28.0992
1049240,-0.3167,0.8950,0.4783,24.2366,-19.6107,-27.4427
1049250,-0.3516,0.8916,0.4600,21.0000,-20.9313,-25.9008
1049250,-0.3694,0.8872,0.4614,17.2901,-21.8702,-26.2061
1049260,-0.3879,0.8784,0.4653,13.2824,-22.3359,-26.1603
1049260,-0.3721,0.8730,0.4299,10.2977,-20.7328,-25.9237
1049270,-0.3933,0.8533,0.4451,6.1985,-15.8092,-26.1756
1049270,-0.3860,0.8333,0.4155,3.9160,-9.4351,-25.6336
1049280,-0.3953,0.8025,0.4146,2.5191,-1.3664,-23.6183
1049280,-0.4019,0.7769,0.4023,1.5267,6.9237,-21.6336
1049290,-0.4114,0.7498,0.3970,-1.0534,13.7023,-20.7023
1049290,-0.4229,0.7383,0.3494,-1.8855,19.5878,-17.5496
1049300,-0.4385,0.7273,0.3420,-2.9160,24.1985,-14.9771
1049300,-0.4426,0.6941,0.3105,-6.2595,27.8473,-12.8015
1049310,-0.4409,0.6562,0.2915,-8.7023,28.6260,-10.5802
1049310,-0.4351,0.6350,0.2610,-9.5649,27.8626,-8.2366
1049320,-0.4458,0.6057,0.2446,-10.2290,26.0382,-6.2061
1049320,-0.4282,0.5945,0.2273,-10.8321,22.2519,-5.4122
1049330,-0.4385,0.5642,0.2024,-12.2290,18.9924,-4.7252
1049340,-0.4583,0.5474,0.1980,-14.2748,15.2443,-3.5878
1049340,-0.4668,0.5615,0.1890,-16.2443,12.9542,-1.2824
1049350,-0.4688,0.5813,0.2180,-19.8931,10.0382,-1.0687
1049350,-0.5291,0.5762,0.2520,-23.0916,6.4656,0.3130
1049360,-0.5630,0.6030,0.2961,-27.6107,3.1756,1.3588
1049360,-0.5840,0.6382,0.3267,-33.1221,0.0000,1.5725
1049370,-0.6194,0.6609,0.3599,-38.1679,-3.6641,1.2290
1049370,-0.6621,0.6685,0.4026,-42.8779,-6.9771,1.7328
1049380,-0.6570,0.7004,0.4058,-47.3740,-8.1908,3.9771
1049380,-0.6565,0.7363,0.3933,-50.3588,-10.6565,5.4809
1049390,-0.6750,0.7559,0.4009,-53.1069,-10.5115,8.1908
1049390,-0.6536,0.7917,0.4053,-57.1756,-9.7252,10.3893
1049400,-0.6501,0.7981,0.3887,-59.4122,-7.6641,14.3206
1049400,-0.6021,0.8235,0.3860,-61.7405,-2.9847,18.3206
1049410,-0.5620,0.8296,0.3777,-63.9618,1.2672,22.8702
1049410,-0.4990,0.8276,0.3657,-65.2748,5.4885,28.3969
1049420,-0.4438,0.8191,0.3586,-65.8550,8.6031,33.9847
1049420,-0.4160,0.7976,0.3499,-66.1145,12.0076,41.0840
1049430,-0.3677,0.8018,0.3555,-66.5038,14.3359,47.9313
1049430,-0.3252,0.8049,0.3596,-66.5725,15.1374,54.2290
1049440,-0.2634,0.8267,0.3521,-65.8931,13.9847,61.3969
1049440,-0.2205,0.8525,0.3630,-64.6794,12.0076,69.0382
1049450,-0.1975,0.8628,0.3647,-63.9771,8.2290,76.4275
1049450,-0.1797,0.8865,0.3684,-63.6641,2.8702,83.3588
1049460,-0.1423,0.9165,0.3818,-64.9618,-3.8931,89.8779
1049460,-0.1169,0.9531,0.3840,-66.3588,-13.7023,96.0229
1049470,-0.1055,0.9539,0.3857,-67.4351,-24.4809,103.0153
1049470,-0.0691,0.9551,0.3477,-68.8321,-34.5725,110.1908
1049480,-0.0557,0.9460,0.3262,-68.5038,-41.7634,116.1985
1049490,-0.0542,0.9189,0.2893,-66.9389,-52.2137,122.7634
1049490,-0.0354,0.8857,0.2324,-65.4657,-61.1832,129.9618
1049500,-0.0090,0.8728,0.2014,-62.2214,-68.3359,139.9847
1049500,-0.0195,0.8347,0.1584,-59.2443,-70.4046,150.0687
1049510,-0.0466,0.8218,0.1763,-57.5725,-63.5038,156.9847
1049510,-0.0945,0.8274,0.1816,-56.8473,-55.7481,160.7176
1049520,-0.1248,0.8733,0.1531,-57.5649,-44.6031,163.5878
1049520,-0.1658,0.9548,0.0564,-54.6336,-30.1450,166.4809
1049530,-0.1897,1.0405,-0.0007,-50.5115,-16.2214,169.4657
1049530,-0.2568,1.1428,-0.0767,-46.0687,-5.6412,170.7481
1049540,-0.2822,1.2659,-0.1814,-39.3435,0.1374,172.2748
1049540,-0.3452,1.3931,-0.2402,-31.3053,-0.3588,174.3282
1049550,-0.4678,1.5364,-0.2065,-25.5420,2.2214,173.1374
1049560,-0.6675,1.6296,-0.1396,-23.1145,5.6947,161.4962
1049560,-0.7007,1.8281,-0.0129,-25.5954,7.0763,146.5496
1049570,-0.7717,1.9385,0.0979,-33.1832,1.5115,130.0611
1049570,-0.8594,1.9536,0.1863,-43.1069,-4.7481,107.1527
1049580,-0.8396,1.8938,0.1824,-51.8397,-9.7939,79.9924
1049580,-0.7207,1.8418,0.2117,-60.1145,-10.7557,54.7023
1049590,-0.5845,1.7676,0.2205,-65.3817,-16.0840,34.3053
1049590,-0.4805,1.5979,0.1628,-68.3817,-26.3511,18.2824
1049600,-0.3735,1.4861,0.0996,-69.8092,-34.6870,3.9695
1049600,-0.3408,1.3840,0.0674,-70.4885,-44.3206,-7.5954
1049610,-0.1936,1.3291,-0.0134,-67.2214,-52.2290,-14.9084
1049610,-0.0781,1.2512,0.0183,-64.7557,-56.2824,-17.2214
1049620,0.0696,1.2002,-0.0315,-61.4733,-58.9847,-16.0229
1049620,0.1311,1.1528,-0.0056,-57.8397,-55.3511,-12.2443
1049630,0.1885,1.1094,-0.0437,-51.5115,-55.0229,-10.4046
1049640,0.2668,1.0083,-0.0754,-43.4580,-55.1221,-8.4962
1049640,0.3140,1.0146,0.0000,-33.1908,-55.8473,-4.8931
1049650,0.3457,0.9543,-0.0715,-24.9618,-53.3206,-2.6718
1049650,0.2695,0.8503,0.0002,-13.5496,-60.9695,-4.7481
1049660,0.1992,0.7529,0.0312,-4.6565,-66.1679,-8.1603
1049660,0.1187,0.6792,0.1582,7.2061,-80.5191,-16.3817
1049670,0.0820,0.6873,0.1123,12.7634,-85.4657,-22.4275
1049670,-0.0217,0.6877,0.1367,19.1679,-88.2137,-29.7176
1049680,-0.0989,0.6631,0.1353,25.2214,-89.6183,-36.1450
1049680,-0.1787,0.6589,0.1489,30.3282,-88.5038,-42.0153
1049690,-0.2625,0.6421,0.1338,35.5725,-93.2901,-44.7634
1049690,-0.3130,0.6572,0.0813,39.7328,-95.2290,-45.1450
1049700,-0.4062,0.6582,0.0989,44.3664,-98.0992,-46.6031
1049700,-0.4609,0.6670,0.0808,46.6183,-99.9924,-49.9618
1049710,-0.5146,0.6670,0.0850,48.6260,-102.1221,-53.5496
1049710,-0.5559,0.6682,0.0989,49.1527,-101.2595,-58.8397
1049720,-0.5991,0.6975,0.1541,49.1908,-107.0458,-63.3435
1049720,-0.6743,0.7292,0.2087,50.0458,-119.9618,-68.4046
1049730,-0.6748,0.7825,0.2380,50.5115,-134.4351,-73.0229
1049740,-0.6284,0.8074,0.2048,50.0534,-143.9924,-74.3664
1049740,-0.5547,0.8716,0.1841,48.9618,-148.9008,-73.6794
1049750,-0.4941,0.9167,0.1643,47.1679,-152.3282,-73.0992
1049750,-0.3442,1.0063,0.0801,46.0000,-152.4351,-70.6870
1049760,-0.2073,1.0825,0.0125,46.2366,-149.5038,-65.5649
1049760,-0.0574,1.1565,-0.0107,47.5573,-145.0992,-57.5344
1049770,0.0549,1.1951,0.0400,46.0458,-134.5496,-46.0458
1049770,0.1975,1.2263,0.1921,42.1527,-118.9237,-33.4046
1049780,0.3042,1.2153,0.2908,37.5573,-105.2977,-19.0916
1049780,0.3923,1.1697,0.3069,35.0840,-86.7023,-6.5267
1049790,0.4783,1.1323,0.2844,34.0153,-58.5878,5.2290
1049790,0.5317,1.0789,0.3018,37.3740,-28.9084,17.4733
1049800,0.5681,1.0542,0.2815,41.4809,3.1069,32.6870
1049800,0.5923,1.0500,0.2390,45.7328,35.1603,48.2366
1049810,0.5415,1.0481,0.1687,48.0229,64.5802,66.4657
1049810,0.3328,1.0498,0.1018,50.5496,87.9466,80.1603
1049820,0.1570,1.0938,-0.0005,51.7786,105.2290,88.9695
1049820,-0.0898,1.1484,-0.1089,53.6031,121.4962,88.7634
1049830,-0.2092,1.2434,-0.2307,62.0534,123.5038,88.7786
1049840,-0.3499,1.2368,-0.2876,67.5878,116.6641,87.4275
1049840,-0.6099,1.1978,-0.2537,70.3359,105.7176,78.0229
1049850,-0.8621,1.1562,-0.1838,74.2290,83.4427,58.4198
1049850,-0.9990,1.1187,-0.1296,74.2366,54.3817,36.8702
1049860,-1.0676,1.0330,-0.0684,72.2672,26.1221,15.2977
1049860,-1.1267,0.9629,0.0327,63.9237,8.0763,-8.1832
1049870,-1.1624,0.8579,0.1741,52.8626,-3.8779,-31.1679
1049870,-1.1782,0.7585,0.2271,41.7557,-19.8550,-52.7176
1049880,-1.1648,0.6978,0.2373,29.6183,-35.4962,-75.9924
1049880,-1.1304,0.7004,0.2778,16.3588,-51.1679,-95.7939
1049890,-1.0535,0.7131,0.2651,4.1145,-68.3282,-111.7557
1049890,-0.9690,0.7327,0.2100,-5.6870,-82.3740,-124.5954
1049900,-0.8198,0.7593,0.2075,-15.9618,-93.1527,-135.2290
1049900,-0.7146,0.7795,0.2520,-26.5649,-105.9466,-141.1298
1049910,-0.5571,0.7620,0.2996,-38.8397,-119.9160,-141.3359
1049910,-0.3596,0.8088,0.2639,-50.0534,-129.5267,-138.5496
1049920,-0.1448,0.8254,0.2522,-54.4351,-133.9313,-132.8015
1049930,0.0618,0.8323,0.3184,-58.1298,-136.2824,-122.0153
1049930,0.1960,0.8052,0.3184,-58.9466,-138.5496,-108.6489
1049940,0.3450,0.8054,0.3511,-59.6489,-137.1374,-90.8244
1049940,0.3777,0.8535,0.3584,-57.7176,-132.2290,-72.8015
1049950,0.3337,0.9109,0.2847,-50.7405,-130.0153,-59.0840
1049950,0.3447,0.9919,0.2175,-45.0153,-121.5038,-51.1985
1049960,0.3792,1.0913,0.1921,-39.5267,-105.0000,-44.0229
1049960,0.3792,1.1223,0.1721,-33.7328,-85.4885,-37.3817
1049970,0.3748,1.1489,0.1125,-26.0763,-63.4885,-29.4733
1049970,0.3533,1.1545,0.0615,-17.5878,-40.6183,-19.8473
1049980,0.3618,1.1414,-0.0408,-6.8550,-16.0840,-9.4198
1049980,0.3337,1.1248,-0.0708,7.3053,4.9160,0.1374
1049990,0.3357,1.1013,-0.1086,20.0153,22.3740,8.2443
1049990,0.2971,1.0693,-0.0981,32.4275,35.6031,14.2748
1050000,0.2283,1.0293,-0.0513,45.1908,48.2748,21.0992
1050000,0.1907,1.0103,0.0061,52.9924,55.9618,24.7023
1050010,0.1050,0.9988,0.0540,60.2595,59.0000,27.5038
1050010,0.0559,1.0078,0.1018,66.4580,59.4656,28.2901
1050020,0.0010,0.9929,0.1584,69.0992,58.2366,29.2443
1050020,-0.0720,0.9514,0.2485,69.3664,55.1527,28.0382
1050030,-0.1299,0.9243,0.3230,66.3664,48.1756,23.9542
1050040,-0.1836,0.8950,0.3772,62.3664,37.8397,18.1832
1050040,-0.2664,0.8611,0.4258,58.2977,25.6336,11.6870
1050050,-0.3354,0.8506,0.4363,52.0229,16.0382,3.2061
1050050,-0.4302,0.8601,0.4673,46.1145,6.0916,-5.0000
1050060,-0.5125,0.8374,0.4797,37.9008,-6.9618,-14.2519
1050060,-0.5486,0.8376,0.4600,30.0000,-21.2977,-24.4580
1050070,-0.5701,0.8230,0.4180,22.0305,-37.1298,-34.7939
1050070,-0.5681,0.8157,0.3850,14.5496,-52.8473,-44.3969
1050080,-0.5469,0.8132,0.3354,6.5573,-65.6565,-52.6718
1050080,-0.5227,0.8228,0.2834,-0.9313,-76.2061,-59.8321
1050090,-0.5073,0.8433,0.2544,-6.3206,-84.3435,-65.3359
1050090,-0.4993,0.8726,0.2153,-10.1145,-91.9771,-70.1908
1050100,-0.4878,0.9021,0.1909,-13.0000,-97.1069,-74.2366
1050100,-0.4768,0.9177,0.1621,-16.0534,-101.3664,-78.5573
1050110,-0.4714,0.9399,0.1375,-18.8321,-103.8244,-82.0458
1050110,-0.4346,0.9719,0.0962,-19.8092,-105.4046,-84.6718
1050120,-0.4219,0.9856,0.0540,-18.7634,-105.0840,-86.0992
1050120,-0.4443,0.9724,0.0620,-17.1756,-105.4885,-87.3282
