timestamp_ms,ax,ay,az,gx,gy,gz,tempo_s,a_res
1582750,0.6968,0.6768,0.1689,1.0153,5.7099,-2.9237,0.0,0.9859592740067917
1582760,0.6965,0.6707,0.1658,1.229,5.7099,-3.0305,0.01,0.981040457881325
1582760,0.6985,0.6714,0.1655,1.1908,5.6794,-2.9771,0.01,0.9828888339990438
1582770,0.7026,0.6775,0.1689,0.9389,5.4198,-2.5802,0.02,0.9905454154151642
1582770,0.7007,0.675,0.1675,0.8702,5.0534,-2.6641,0.02,0.9872495834387575
1582780,0.7058,0.6714,0.1545,0.6794,4.6412,-2.7099,0.03,0.9863071783171812
1582780,0.7014,0.6687,0.1604,0.8015,4.313,-2.3282,0.03,0.9822676875475442
1582790,0.7073,0.6711,0.1611,0.6794,4.3053,-2.1908,0.04,0.9882316074686136
1582790,0.7068,0.666,0.1533,0.4733,4.2977,-2.0534,0.04,0.9831699395323273
1582790,0.71,0.6702,0.1562,0.1908,4.0916,-2.0229,0.04,0.98877018563466
1582800,0.7075,0.6707,0.1572,0.1985,4.2137,-2.0687,0.05,0.9874748503126548
1582800,0.7107,0.6711,0.1545,-0.3206,4.0153,-1.5878,0.05,0.9896160619149226
1582810,0.7192,0.6738,0.1433,-0.2137,4.0916,-1.3359,0.06,0.9958865246603149
1582810,0.72,0.6741,0.1501,-0.2977,4.3359,-1.3282,0.06,0.9976676901654178
1582820,0.7258,0.6711,0.145,-0.4046,4.6031,-1.0916,0.07,0.9990925132338847
1582820,0.7268,0.6743,0.1504,-0.5878,4.9771,-0.5573,0.07,1.0027656206711517
1582830,0.7273,0.6689,0.1487,-0.6947,5.2061,-0.4122,0.08,0.999251815109685
1582830,0.73,0.6741,0.1484,-0.4427,5.458,-0.3435,0.08,1.004655846546468
1582840,0.7278,0.6716,0.1431,-0.5725,5.3282,-0.2977,0.09,1.000608319973405
1582840,0.7283,0.6743,0.1482,-0.626,5.1679,0.0076,0.09,1.0035260933329038
1582850,0.7278,0.6677,0.1482,-0.9237,4.7252,-0.145,0.1,0.9987388898005324
1582850,0.7336,0.6699,0.1499,-0.8931,5.2901,-0.0458,0.1,1.004691484984321
1582860,0.7314,0.6758,0.1523,-1.0992,5.0611,-0.1145,0.11,1.0073960938975295
1582860,0.7346,0.676,0.1575,-1.2137,4.7405,-0.0534,0.11,1.0106529621982019
1582870,0.7253,0.6753,0.1541,-1.0763,4.5267,-0.2061,0.12,1.002914248577614
1582870,0.7324,0.6689,0.1562,-1.2595,4.0534,-0.3664,0.12,1.0041092619829777
1582880,0.729,0.6777,0.1609,-1.2824,3.6183,-0.4046,0.13,1.0082693588520877
1582880,0.731,0.6726,0.1602,-1.374,2.9618,-0.626,0.13,1.0061887496886457
1582890,0.7278,0.6672,0.1663,-1.3664,2.3588,-0.4656,0.14,1.0012514019965215
1582890,0.7271,0.6682,0.166,-1.3359,1.8397,-0.6641,0.14,1.0013599003355387
1582900,0.7305,0.6663,0.1621,-1.6489,1.2214,-0.626,0.15,1.001929313873988
1582900,0.7222,0.6658,0.1641,-1.6489,1.2748,-0.6794,0.15,0.9958871873862019
1582910,0.7268,0.667,0.1626,-1.4198,0.687,-0.4504,0.16,0.9997829764503894
1582910,0.7295,0.6614,0.1624,-1.8092,0.7023,-0.2672,0.16,0.9979949749372489
1582920,0.7261,0.658,0.1633,-2.084,0.5878,-0.4809,0.17,0.9934042983599376
1582920,0.7266,0.6575,0.1594,-2.2901,0.1756,-0.145,0.17,0.9928052024440646
1582930,0.7283,0.6599,0.1653,-2.3817,-0.4656,-0.229,0.18,0.9966007174390353
1582930,0.7195,0.6594,0.1643,-2.7176,-0.5115,-0.5878,0.18,0.9896883853011512
1582940,0.7266,0.6611,0.1631,-3.0229,-1.2443,-0.2214,0.19,0.9957923377893606
1582940,0.7285,0.6621,0.1606,-3.2137,-1.9237,-0.2824,0.19,0.9974372260949559
1582950,0.7322,0.6575,0.1604,-3.4504,-2.3282,-0.4275,0.2,0.9970713364649492
1582950,0.7246,0.657,0.1658,-3.8473,-3.1527,-0.6183,0.2,0.9920603812268687
1582960,0.7354,0.6599,0.1667,-4.4427,-4.0076,-0.6489,0.21,1.0020329635296437
1582960,0.7285,0.6589,0.1614,-4.7405,-4.626,-0.771,0.21,0.995445337524869
1582970,0.731,0.6631,0.1711,-5.1298,-5.3664,-1.0076,0.22,1.0016675196890434
1582970,0.7324,0.6599,0.1797,-5.7481,-6.3664,-0.8397,0.22,1.0020827610531977
1582980,0.7368,0.6577,0.1743,-6.2214,-7.2901,-1.3206,0.23,1.0029077824007548
1582980,0.7405,0.6553,0.1772,-6.5649,-8.2214,-1.1908,0.23,1.0045686537016771
1582990,0.7444,0.6521,0.1755,-7.2061,-8.6336,-1.4733,0.24,1.0050701567552387
1582990,0.7473,0.6533,0.1758,-7.4733,-9.2824,-1.3282,0.24,1.0080495126728648
1583000,0.7576,0.6411,0.1743,-7.8473,-9.8321,-1.2901,0.25,1.0076445107278658
1583000,0.7542,0.6392,0.188,-8.1603,-10.4275,-0.9084,0.25,1.0063489851935064
1583010,0.7571,0.635,0.1929,-8.6641,-11.0153,-1.1298,0.26,1.0067948251754177
1583010,0.7605,0.6282,0.188,-8.9237,-11.7634,-0.8931,0.26,1.0041610876746818
1583020,0.7559,0.6211,0.2024,-9.4351,-12.2519,-0.5038,0.27,0.999057445795786
1583020,0.7598,0.6216,0.2004,-10.1679,-12.5649,-0.5725,0.27,1.001919537687533
1583030,0.762,0.6167,0.2043,-10.8015,-12.9618,-0.374,0.28,1.0013497790482604
1583030,0.7644,0.614,0.2092,-11.0687,-13.7634,-0.313,0.28,1.0025307975319262
1583040,0.759,0.616,0.2078,-11.5115,-14.6565,-0.2748,0.29,0.9993587143763745
1583040,0.759,0.6152,0.2097,-12.1985,-15.1374,-0.2901,0.29,0.9992627932631135
1583050,0.7654,0.6096,0.2048,-13.0305,-15.4504,-0.0611,0.3,0.9996961338326762
1583060,0.7637,0.6104,0.21,-13.4885,-15.7405,0.0458,0.31,0.9999629243126967
1583060,0.77,0.6111,0.2063,-13.9466,-16.2977,0.0992,0.31,1.0044415861562086
1583070,0.7625,0.6067,0.208,-14.7328,-16.2366,0.0763,0.32,0.9963709851255204
1583070,0.76,0.6057,0.2061,-15.4733,-16.7405,0.1985,0.32,0.9934534211526981
1583080,0.7603,0.6021,0.2031,-16.2748,-17.3893,0.0611,0.33,0.990873407656094
1583080,0.7542,0.5996,0.2014,-16.9924,-17.8855,0.1908,0.33,0.9843270594675328
1583090,0.752,0.605,0.2007,-17.6718,-18.3359,0.1145,0.34,0.9858039815297969
1583090,0.7439,0.6011,0.1968,-18.6489,-18.8779,-0.0611,0.34,0.9764418364654395
1583100,0.7388,0.6028,0.1936,-19.626,-19.542,-0.3969,0.35,0.9729718598191831
1583100,0.7336,0.6016,0.1921,-20.2595,-20.5038,-0.5267,0.35,0.9679844678505952
1583110,0.73,0.6018,0.1943,-21.0992,-21.8015,-0.7863,0.36,0.9658238607530878
1583110,0.7183,0.6025,0.189,-22.0382,-22.6641,-1.0,0.36,0.9563901609698837
1583120,0.7175,0.6077,0.1838,-22.7099,-23.8779,-1.313,0.37,0.9580647055392448
1583120,0.72,0.6143,0.1824,-23.6183,-24.7481,-1.626,0.37,0.9638642279906439
1583130,0.7166,0.6211,0.178,-24.3435,-25.7099,-1.9389,0.38,0.9648651563819682
1583130,0.7227,0.6282,0.1719,-24.8397,-26.8244,-2.7405,0.38,0.9728721087583917
1583140,0.7202,0.6333,0.1697,-25.0305,-28.0534,-3.0534,0.39,0.9739378932971033
1583140,0.7273,0.6443,0.1768,-25.5038,-28.9313,-3.3511,0.39,0.9875960814017033
1583150,0.7322,0.6536,0.1609,-25.8473,-29.7481,-3.2137,0.4,0.9945846419485874
1583150,0.7324,0.6597,0.1602,-26.0,-30.3664,-3.0382,0.4,0.9986380175018373
1583160,0.7278,0.6685,0.1489,-26.2443,-30.3053,-3.1985,0.41,0.9993779565309613
1583160,0.7217,0.6726,0.1526,-26.5114,-30.6489,-3.1832,0.41,0.9982626958872098
1583170,0.7146,0.6719,0.1479,-26.2595,-30.4351,-3.0458,0.42,0.9919562389541184
1583170,0.7156,0.6711,0.1455,-27.0076,-29.8168,-3.3893,0.42,0.99178063098651
1583180,0.7041,0.6755,0.1487,-27.1832,-29.1832,-3.458,0.43,0.9869998733535886
1583180,0.7019,0.676,0.1326,-27.5649,-28.3588,-3.8931,0.43,0.9834746412592447
1583190,0.7026,0.6821,0.1484,-28.2443,-27.458,-4.2443,0.44,0.9904189669023913
1583200,0.6978,0.689,0.1416,-28.458,-26.2672,-4.2595,0.45,0.9908059345805312
1583200,0.6946,0.6917,0.1501,-29.7634,-26.0382,-5.0076,0.45,0.9916894977763957
1583210,0.6846,0.6973,0.1587,-30.626,-26.4504,-5.1756,0.46,0.9899950201894957
1583210,0.7061,0.7122,0.1326,-31.1145,-25.6412,-5.9084,0.46,1.0116268136027238
1583220,0.6897,0.7065,0.1321,-31.3359,-24.8626,-5.7863,0.47,0.9961318938775126
1583220,0.6897,0.7166,0.1375,-31.7328,-25.1069,-6.3435,0.47,1.0040457658891848
1583230,0.6882,0.7241,0.1367,-31.9695,-25.6336,-7.0458,0.48,1.0082791974448346
1583230,0.6951,0.7329,0.115,-31.5267,-26.5802,-7.5649,0.48,1.016627473561481
1583240,0.708,0.7458,0.1184,-30.6183,-27.9771,-8.2214,0.49,1.0351329383224166
1583240,0.7395,0.7759,0.1155,-29.2061,-29.7481,-7.9618,0.49,1.0780636855028556
1583250,0.7637,0.8064,0.1113,-28.1145,-31.4886,-7.3511,0.5,1.1162017469973786
1583250,0.7805,0.8362,0.0923,-26.9389,-32.4046,-6.6794,0.5,1.1475756968496675
1583260,0.7908,0.8562,0.0864,-25.0229,-33.3969,-6.1069,0.51,1.1687206851938576
1583260,0.7859,0.8591,0.0974,-22.8092,-35.7099,-6.0916,0.51,1.1684084816535696
1583270,0.7864,0.8193,0.1116,-20.8321,-39.0687,-6.1679,0.52,1.1411099903164463
1583270,0.7681,0.7708,0.1072,-18.7405,-42.3359,-6.8397,0.52,1.093435910330368
1583280,0.7351,0.7346,0.0991,-17.1832,-44.084,-7.3053,0.53,1.0439492229031064
1583280,0.698,0.7197,0.0972,-16.0611,-44.7481,-8.5267,0.53,1.0072834407454536
1583290,0.6797,0.7231,0.1091,-15.9389,-44.3206,-9.8855,0.54,0.9983829475707204
1583290,0.6755,0.7275,0.1245,-16.7176,-44.4733,-11.2824,0.54,1.000528235483637
1583300,0.6665,0.7273,0.1392,-18.0916,-44.7481,-13.0229,0.55,0.9962751527565062
1583300,0.6614,0.7209,0.1599,-19.8244,-46.7099,-15.5496,0.55,0.9913197163377716
1583310,0.6885,0.7617,0.1555,-21.8931,-49.1832,-16.5496,0.56,1.038460105155706
1583320,0.7039,0.7986,0.1404,-22.8931,-49.4351,-17.0229,0.57,1.0737547811302168
1583320,0.6909,0.7937,0.1201,-23.7252,-48.3969,-17.4733,0.57,1.0591159096151845
1583330,0.6724,0.7856,0.1316,-24.1603,-47.6107,-17.8397,0.58,1.0424047582393319
1583330,0.6521,0.7522,0.144,-24.1908,-46.8473,-18.0229,0.58,1.0058703942357585
1583340,0.646,0.7354,0.1494,-24.687,-45.5573,-17.8855,0.59,0.9901765095173689
1583340,0.6182,0.7253,0.113,-25.0,-41.687,-16.1298,0.59,0.959687621051767
1583350,0.584,0.7471,0.1079,-26.0229,-37.4198,-11.8092,0.6,0.954388191460896
1583350,0.5369,0.7229,0.0813,-26.313,-32.7099,-9.1908,0.6,0.9041325732435482
1583360,0.4739,0.6646,0.0859,-26.1603,-29.3664,-8.6947,0.61,0.8207637784405449
1583360,0.4656,0.6506,0.1001,-25.7023,-29.687,-9.9542,0.61,0.8062777002993448
1583370,0.5044,0.6577,0.1345,-24.6107,-32.0916,-10.7405,0.62,0.8396897641391134
1583370,0.5425,0.6543,0.1611,-24.6718,-33.7176,-11.4427,0.62,0.8650826261115178
1583380,0.5801,0.6443,0.2175,-25.6794,-36.2748,-13.0305,0.63,0.8938370936585703
1583380,0.6228,0.6421,0.2615,-27.542,-39.3817,-13.687,0.63,0.9319627138464285
1583390,0.6345,0.6492,0.2952,-29.2977,-43.7634,-15.3969,0.64,0.9545647856484125
1583390,0.6519,0.6606,0.3174,-31.3588,-47.6947,-16.9313,0.64,0.9808714135909967
1583400,0.6721,0.6785,0.3096,-33.5954,-49.687,-18.1298,0.65,1.0039585748426076
1583410,0.6946,0.7007,0.2715,-34.1985,-49.0229,-18.6412,0.66,1.023309288534019
1583410,0.7205,0.7104,0.2393,-33.3817,-47.1908,-18.6947,0.66,1.0397369378838093
1583420,0.7446,0.7336,0.2061,-31.6718,-44.4351,-18.5878,0.67,1.0653991411672905
1583420,0.7473,0.7559,0.1855,-29.7328,-41.9389,-17.5496,0.67,1.0790052594867183
1583430,0.7458,0.7673,0.1592,-27.6718,-39.6641,-16.2061,0.68,1.0818093963356021
1583430,0.7156,0.7625,0.1233,-25.1908,-36.5878,-14.7863,0.68,1.052944680408235
1583440,0.6992,0.7563,0.0994,-22.4046,-33.1908,-14.2061,0.69,1.0347708393649293
1583440,0.6802,0.7456,0.0757,-19.1985,-30.542,-13.7634,0.69,1.0120878864999818
1583450,0.6509,0.7444,0.0632,-15.8473,-28.7176,-13.2137,0.7,0.9908564023106476
1583450,0.6243,0.738,0.0632,-12.8779,-28.1908,-13.145,0.7,0.9687046660360422
1583460,0.5974,0.7324,0.0718,-11.3664,-27.5878,-13.2595,0.71,0.9478669526890364
1583460,0.5867,0.7256,0.0796,-9.8626,-28.1679,-14.0458,0.71,0.9365086278299843
1583470,0.5813,0.7185,0.0959,-9.7023,-28.5038,-14.3435,0.72,0.9291656203282599
1583470,0.5798,0.7104,0.1194,-9.9313,-28.6641,-14.5115,0.72,0.9247121498066304
1583480,0.5876,0.7041,0.1292,-10.6794,-28.5649,-14.8244,0.73,0.9261334731020147
1583480,0.5886,0.6934,0.1394,-11.9847,-28.0611,-15.0916,0.73,0.9201553564480294
1583490,0.5928,0.6802,0.1428,-13.4122,-27.9084,-15.4198,0.74,0.9134964258277096
1583490,0.6028,0.6777,0.1345,-15.4809,-27.6489,-15.4275,0.74,0.9169162339058022
1583500,0.6077,0.6802,0.1353,-16.8931,-27.9542,-15.1985,0.75,0.9221048855743039
1583510,0.6162,0.6726,0.1257,-17.7023,-29.4275,-14.5267,0.76,0.9208114302070755
1583510,0.6365,0.6677,0.1174,-18.3817,-30.1298,-13.9847,0.76,0.9299130604524274
1583520,0.6538,0.6687,0.1162,-19.0916,-30.9695,-13.3969,0.77,0.9423993686330653
1583520,0.6667,0.6848,0.1204,-19.7099,-31.6794,-12.7328,0.77,0.963294394253387
1583530,0.6902,0.6978,0.1218,-20.687,-31.771,-11.626,0.78,0.9890076440553935
1583530,0.6965,0.7056,0.1372,-21.9924,-31.8244,-10.458,0.78,1.0009033170091906
1583540,0.7083,0.7102,0.1355,-23.1756,-31.9695,-9.9008,0.79,1.0121428654098197
1583540,0.7087,0.7131,0.1482,-24.4504,-31.7939,-9.3817,0.79,1.016233506631227
1583550,0.708,0.7117,0.147,-24.9924,-31.8092,-8.4275,0.8,1.0145885323617647
1583550,0.7063,0.7195,0.1501,-26.1832,-31.8092,-8.3588,0.8,1.0193478061976688
1583560,0.7056,0.7205,0.1494,-26.8626,-31.3511,-8.0687,0.81,1.0194665124465836
1583560,0.7102,0.72,0.1453,-27.4962,-31.2977,-7.6947,0.81,1.0217123518877511
1583570,0.7078,0.7175,0.146,-27.3053,-30.7176,-7.5954,0.82,1.0183825852792259
1583570,0.7021,0.7144,0.1448,-27.4427,-30.1069,-7.7252,0.82,1.01206660353951
1583580,0.6951,0.7122,0.1401,-27.0153,-29.145,-7.6183,0.83,1.0049979402963969
1583580,0.6938,0.7153,0.1443,-26.5496,-28.1145,-7.8397,0.83,1.0068937481184397
1583590,0.6951,0.7173,0.1411,-26.1527,-27.2977,-7.3969,0.84,1.0087579045539123
1583590,0.6924,0.7192,0.1458,-25.626,-26.2672,-7.4733,0.84,1.0089222170217087
1583600,0.6909,0.7205,0.1345,-25.1374,-25.374,-6.9695,0.85,1.007250371059748
1583600,0.6833,0.7234,0.1216,-24.1374,-24.1145,-6.7176,0.85,1.0024933964869793
1583610,0.6804,0.731,0.1226,-22.8779,-23.3588,-6.7099,0.86,1.0061490545639846
1583620,0.6709,0.7351,0.1084,-21.8244,-22.9084,-6.6412,0.87,1.0011140694246585
1583620,0.6665,0.7451,0.1086,-21.0229,-21.7252,-6.5038,0.87,1.0055795443424653
1583630,0.6545,0.7551,0.1016,-19.7481,-21.4122,-6.9313,0.88,1.0044246213628976
1583630,0.6409,0.7681,0.0996,-18.9008,-20.9389,-7.542,0.88,1.005311185653477
1583640,0.6165,0.7896,0.0808,-17.6183,-20.4962,-7.8626,0.89,1.0050219151839426
1583640,0.615,0.8022,0.0703,-16.1527,-19.9695,-8.7328,0.89,1.013258076701094
1583650,0.6025,0.8125,0.0454,-14.2901,-19.8244,-9.5725,0.9,1.0125332883416722
1583650,0.5952,0.8237,0.0259,-11.7863,-19.2519,-9.9847,0.9,1.0165704796028654
1583660,0.5842,0.8303,0.0188,-9.4656,-18.4427,-10.5573,0.91,1.0154019745893743
1583660,0.585,0.8416,0.0117,-6.9771,-18.1985,-11.0534,0.91,1.0250133901564409
1583670,0.5752,0.8401,0.0103,-4.9695,-18.1527,-11.8626,0.92,1.0181989687678927
1583670,0.5654,0.8452,0.0103,-3.5191,-18.1832,-12.916,0.92,1.016929835337719
1583680,0.5635,0.8508,0.0037,-2.1756,-17.8779,-13.626,0.93,1.0204933022808136
1583680,0.5645,0.8457,0.012,-1.1985,-17.6336,-14.313,0.93,1.016864169887011
1583690,0.5569,0.8435,0.0195,-0.2824,-18.4504,-15.5267,0.94,1.0109451567716223
1583690,0.5593,0.8362,0.0286,0.313,-19.7023,-16.4809,0.94,1.006411888840747
1583700,0.5684,0.8359,0.0349,0.542,-21.0763,-17.4046,0.95,1.011447171136486
1583700,0.5728,0.8276,0.0276,0.8855,-22.3969,-18.3817,0.95,1.0068680946380217
1583710,0.5781,0.8315,0.0271,1.3282,-23.374,-19.5038,0.96,1.0130776228897764
1583710,0.5808,0.8306,0.0317,1.6794,-24.3817,-20.626,0.96,1.0140167109076654
1583720,0.5903,0.8289,0.0408,2.687,-24.5267,-21.3359,0.97,1.0184271893463959
1583720,0.594,0.8257,0.0483,3.9008,-24.2061,-21.7481,0.97,1.01830711477432
1583730,0.5977,0.8298,0.0586,5.1679,-23.8855,-22.4962,0.98,1.0243277258768309
1583730,0.6011,0.8311,0.071,5.5878,-23.5267,-22.2595,0.98,1.0281485398520973
1583740,0.6104,0.8359,0.0815,6.7328,-23.7405,-22.7786,0.99,1.038248149528811
1583740,0.6206,0.8413,0.0923,6.9618,-23.8473,-23.771,0.99,1.0494995664601297
1583750,0.625,0.8481,0.1008,7.1679,-23.3435,-24.1985,1.0,1.0583285170494083
1583750,0.6287,0.8474,0.1113,7.1374,-22.7863,-24.1374,1.0,1.061008077254834
1583760,0.6321,0.8416,0.1074,6.8321,-22.0687,-24.771,1.01,1.058005543463738
1583770,0.634,0.8499,0.1133,6.4198,-21.7481,-25.0534,1.02,1.0663596485238926
1583770,0.6196,0.8394,0.0999,5.8168,-21.4122,-25.6336,1.02,1.048082310698926
1583780,0.6172,0.8218,0.0942,5.0611,-21.3206,-26.1756,1.03,1.0320681760426487
1583780,0.6038,0.8088,0.085,5.1832,-21.7252,-26.6489,1.03,1.0128952956747306
1583790,0.5957,0.7886,0.0718,5.3282,-21.9084,-27.9008,1.04,0.9909105358204645
1583790,0.5859,0.7888,0.061,5.5267,-23.4351,-28.5267,1.04,0.9844822243189563
1583800,0.5801,0.7776,0.0586,6.0229,-24.5649,-29.3969,1.05,0.9719113797049604
1583800,0.5776,0.7693,0.0581,5.771,-26.4809,-30.6031,1.05,0.9637530077774077
1583810,0.5774,0.7625,0.0542,5.8855,-28.0382,-32.0,1.06,0.9579846815059204
1583810,0.5823,0.7595,0.0522,5.4198,-29.1145,-33.771,1.06,0.9584562483493965
1583820,0.595,0.7551,0.0603,4.6031,-30.6336,-35.1145,1.07,0.9632430119134008
1583820,0.6038,0.7583,0.0688,3.771,-32.2519,-36.9389,1.07,0.9717647709193825
1583830,0.6172,0.7524,0.071,2.7863,-34.2519,-38.8321,1.08,0.9757472008671098
1583830,0.6292,0.7407,0.0681,1.9466,-36.3817,-40.458,1.08,0.9742518873474149
1583840,0.6536,0.7495,0.0688,0.7634,-37.5954,-42.2672,1.09,0.996833311040517
1583840,0.6721,0.7581,0.0686,0.0,-38.5191,-43.458,1.09,1.015450629031269
1583850,0.6736,0.759,0.064,-1.2519,-39.5115,-44.9771,1.1,1.0168155978347304
1583850,0.6819,0.7578,0.0728,-2.4046,-40.5649,-46.2595,1.1,1.0220314525492842
1583860,0.689,0.7585,0.074,-3.3893,-41.6489,-46.7481,1.11,1.0273846650597818
1583860,0.6846,0.751,0.0759,-3.9542,-43.0687,-47.1832,1.11,1.0190382573780044
1583870,0.6885,0.7397,0.0874,-4.6031,-43.855,-47.4809,1.12,1.0143111455564313
1583870,0.6851,0.728,0.1025,-5.084,-43.8779,-47.1985,1.12,1.0049140560266834
1583880,0.689,0.7261,0.1143,-5.6641,-43.9771,-46.7099,1.13,1.0074754091291758
1583880,0.6707,0.7114,0.1201,-6.7481,-43.4885,-46.4351,1.13,0.9850646983828018
1583890,0.6533,0.7036,0.1301,-6.0153,-44.1145,-44.9618,1.14,0.9689065279994763
1583890,0.6521,0.7275,0.136,-6.3664,-41.5496,-43.0763,1.14,0.9864008617190072
1583900,0.6406,0.6965,0.1235,-4.3664,-42.8855,-40.8168,1.15,0.9543232471233214
1583900,0.6501,0.6904,0.103,-2.2443,-42.2748,-37.7176,1.15,0.9538821572919791
1583910,0.647,0.6846,0.1001,0.374,-40.8397,-34.6183,1.16,0.9472624609895611
1583910,0.6514,0.675,0.1018,3.4962,-39.8931,-31.2137,1.16,0.9435625045538849
1583920,0.6196,0.6584,0.1274,6.9008,-40.5344,-27.8397,1.17,0.9130309304727853
1583920,0.5559,0.6672,0.1421,7.2519,-36.6947,-27.5878,1.17,0.8799846930486915
1583930,0.5642,0.6741,0.1455,9.542,-33.2443,-25.5802,1.18,0.8910121772456312
1583940,0.5862,0.6729,0.1228,12.9924,-30.9847,-20.7786,1.19,0.9008355510302645
1583940,0.5713,0.6672,0.1472,16.7405,-26.5038,-17.0,1.19,0.8906219006963617
1583950,0.5503,0.6934,0.1807,18.7634,-21.9008,-15.0916,1.2,0.9034855505208703
1583950,0.5266,0.7222,0.1907,20.2214,-19.8244,-13.5344,1.2,0.9139184263379309
1583960,0.5178,0.7454,0.188,22.3893,-18.9084,-12.6183,1.21,0.9268667649667885
1583960,0.5044,0.7681,0.1848,24.1679,-18.5038,-12.2824,1.21,0.9373089191936669
1583970,0.48,0.793,0.1865,25.0229,-19.4733,-13.2061,1.22,0.9455322575142533
1583970,0.4675,0.8015,0.1782,26.0916,-21.145,-13.8092,1.22,0.944835297816503
1583980,0.4526,0.8264,0.1765,27.0687,-23.3588,-15.3359,1.23,0.9586114802150035
1583980,0.4404,0.8494,0.1711,27.5114,-26.5649,-16.8473,1.23,0.9719607656690675
1583990,0.4351,0.874,0.1733,27.1374,-29.2214,-18.6412,1.24,0.9915749593449806
1583990,0.4312,0.8972,0.1675,24.6641,-30.2366,-21.0534,1.24,1.009434262346984
1584000,0.4285,0.9109,0.1624,21.6107,-30.374,-23.2443,1.25,1.0196689756975055
1584000,0.4158,0.9192,0.1475,17.4886,-30.2137,-25.9084,1.25,1.019595277548891
1584010,0.4226,1.0049,0.1199,12.0458,-29.6412,-28.687,1.26,1.0967181862265256
1584010,0.4448,0.9956,0.1057,7.8397,-30.1374,-33.0458,1.26,1.0955541474523294
1584020,0.4619,0.9624,0.0698,4.0534,-30.9389,-35.8321,1.27,1.0697838146092884
1584020,0.4604,0.9519,0.0444,1.1069,-30.4962,-38.0458,1.27,1.0583256256937181
1584030,0.4656,0.9272,0.0488,-1.0229,-31.1603,-39.9618,1.28,1.038684090568446
1584030,0.4736,0.8982,0.031,-3.5115,-32.1756,-42.9237,1.28,1.0158844422472468
1584040,0.4741,0.8716,0.0393,-4.8015,-36.0992,-45.7481,1.29,0.9929762635632334
1584040,0.4719,0.8345,0.0247,-6.1374,-41.5802,-49.1908,1.29,0.9590046663077297
1584050,0.4834,0.8152,0.0166,-6.8779,-47.687,-51.7252,1.3,0.947893538325903
1584050,0.5146,0.7654,0.0059,-5.6718,-52.855,-53.1832,1.3,0.9223259347974554
1584060,0.5454,0.7227,0.0222,-3.8244,-63.855,-54.2443,1.31,0.9056761507293873
1584070,0.6077,0.7166,-0.0166,-2.0992,-74.2595,-55.7328,1.32,0.9397289023968561
1584070,0.6667,0.6963,0.0098,0.2061,-78.3969,-57.4351,1.32,0.9640635974872197
1584080,0.6855,0.6941,0.05,1.7557,-84.5573,-60.8321,1.33,0.9768239657174674
1584080,0.6997,0.7168,0.0767,4.1374,-91.5878,-65.374,1.33,1.0046219288866833
1584090,0.7363,0.7607,0.1094,5.9466,-98.8931,-67.7328,1.34,1.064316935879534
1584090,0.7793,0.7739,0.0701,7.0,-102.6183,-68.7023,1.34,1.1005197453930575
1584100,0.7642,0.6577,0.0125,9.8015,-104.5573,-68.2519,1.35,1.00832890467347
1584100,0.7932,0.5938,-0.0393,15.8015,-99.1908,-66.1069,1.35,0.9916194683445863
1584110,0.834,0.5747,-0.042,20.7786,-88.7023,-64.1374,1.36,1.0137061161895
1584110,0.8291,0.5337,-0.0618,24.1756,-77.1756,-61.6412,1.36,0.9879583695682728
1584120,0.8235,0.533,-0.1116,27.313,-67.3282,-57.9542,1.37,0.9872668382965165
1584120,0.8652,0.5671,-0.1589,32.9695,-56.8092,-51.5191,1.37,1.0466244120982464
1584130,0.8904,0.5671,-0.2075,37.4733,-47.1679,-48.3282,1.38,1.0758581783859804
1584130,0.8494,0.5322,-0.1567,45.313,-42.1603,-38.8321,1.38,1.0145304776102095
1584140,0.8904,0.5833,-0.1514,51.7863,-37.4656,-31.6718,1.39,1.0751618529319202
1584140,0.8132,0.5969,-0.092,57.7863,-39.2366,-25.7176,1.39,1.0129402006041621
1584150,0.7175,0.6042,-0.033,64.4122,-45.145,-21.4886,1.4,0.9385909066254584
1584150,0.7061,0.6919,0.0229,69.1679,-50.9466,-18.5649,1.4,0.9888514701409914
1584160,0.6479,0.7327,0.1401,67.458,-52.9847,-19.7405,1.41,0.9880545076057292
1584160,0.624,0.7537,0.2109,63.8702,-56.0382,-22.145,1.41,1.0009587903605222
1584170,0.5867,0.751,0.2471,57.2443,-59.687,-27.5038,1.42,0.9845183086159445
1584180,0.5002,0.7461,0.3203,49.4122,-65.2519,-34.145,1.43,0.9536547278758701
1584180,0.5188,0.7488,0.314,41.9695,-68.0458,-37.5191,1.43,0.9635615600468919
1584190,0.6187,0.781,0.261,33.7099,-67.229,-43.3511,1.44,1.0299862571898715
1584190,0.6157,0.7434,0.1995,24.1298,-66.5038,-51.2672,1.44,0.9856623661274686
1584200,0.6191,0.7632,0.1821,18.2748,-69.5725,-54.855,1.45,0.9994595839752601
1584200,0.6531,0.7881,0.1121,12.5115,-75.4733,-57.771,1.45,1.0296638432032077
1584210,0.7271,0.8069,0.0159,10.4962,-81.9008,-60.8244,1.46,1.0862848751593663
1584210,0.6997,0.762,0.0059,9.8779,-89.145,-63.6489,1.46,1.034533179748238
1584220,0.7551,0.7756,-0.022,8.8779,-94.0153,-66.1221,1.47,1.0826889534857183
1584220,0.7668,0.7708,-0.0042,8.0458,-98.4885,-68.1374,1.47,1.0872591779332104
1584230,0.7917,0.7612,0.0242,8.5649,-104.5267,-70.855,1.48,1.0985444779343256
1584230,0.8496,0.7571,0.0752,10.7099,-111.9084,-71.2366,1.48,1.140471661199874
1584240,0.8823,0.7124,0.1519,12.4885,-121.374,-70.8168,1.49,1.1441331478460013
1584240,0.885,0.6443,0.199,13.771,-133.1527,-69.4504,1.49,1.112631336067792
1584250,0.8679,0.5601,0.2351,16.1374,-145.0458,-68.4275,1.5,1.0593556673752211
1584250,0.8665,0.4797,0.261,17.687,-155.313,-66.7863,1.5,1.024234025992107
1584260,0.8579,0.4099,0.2512,19.9542,-162.1832,-66.1756,1.51,0.9834184562026482
1584260,0.7947,0.364,0.2615,19.6794,-169.3969,-65.5343,1.51,0.9123740132204554
1584270,0.7463,0.304,0.2412,21.1908,-177.084,-64.458,1.52,0.8411641516374792
1584270,0.6628,0.2344,0.2292,21.0305,-186.2672,-67.2443,1.52,0.7394456301852084
1584280,0.585,0.1897,0.2305,22.4198,-198.9542,-69.1527,1.53,0.6567658182335618
1584290,0.5002,0.1946,0.2358,22.9008,-208.9847,-74.3588,1.54,0.5862344582161646
1584290,0.4121,0.2156,0.2437,23.5191,-218.1985,-79.6718,1.54,0.5250709094969935
1584300,0.3333,0.2761,0.2776,23.1374,-223.458,-85.2824,1.55,0.5141807658790826
1584300,0.2466,0.2466,0.2642,25.0229,-227.3435,-91.1069,1.55,0.4375211537743061
1584310,0.1814,0.2603,0.2932,27.5725,-229.3969,-96.0229,1.56,0.4320049652492434
1584310,0.0859,0.2283,0.3042,28.7939,-229.4275,-100.3664,1.56,0.3899196583913153
1584320,0.0327,0.2205,0.291,30.2366,-225.1832,-103.458,1.57,0.3665658740253926
1584320,-0.0168,0.2126,0.293,33.0458,-220.8092,-107.0382,1.57,0.36239481232490073
1584330,-0.0989,0.1736,0.3152,38.2443,-218.6718,-110.5496,1.58,0.37318790173316174
1584330,-0.1331,0.2139,0.2783,41.5344,-211.855,-111.9389,1.58,0.37539274100600295
1584340,-0.1665,0.2354,0.2524,46.6412,-203.5267,-110.7405,1.59,0.3831986038596696
1584340,-0.2043,0.2002,0.2344,55.1679,-192.6947,-107.5802,1.59,0.36981331776992565
1584350,-0.2441,0.187,0.2676,62.8244,-176.626,-102.2824,1.6,0.40763165971254006
1584360,-0.2671,0.1218,0.2854,70.3969,-160.2443,-100.1145,1.61,0.4094274172548781
1584360,-0.2495,0.0964,0.2671,74.084,-136.8931,-93.3053,1.61,0.37800214285106903
1584370,-0.2515,0.0251,0.2429,77.9618,-109.7481,-88.2748,1.62,0.35054624516602656
1584370,-0.2446,-0.009,0.2869,80.6336,-82.8092,-84.6183,1.62,0.37712301706472384
1584380,-0.2283,-0.0669,0.2886,82.3588,-59.6947,-85.3206,1.63,0.37401398369579714
1584380,-0.1775,-0.0813,0.3181,84.084,-43.7252,-87.0382,1.63,0.37323390789155264
1584390,-0.1252,-0.0708,0.3313,85.6336,-37.855,-87.8092,1.64,0.3611749852910636
1584390,-0.0686,-0.0667,0.3252,87.4427,-40.2137,-89.8321,1.64,0.33898361317326237
1584400,-0.0295,-0.0649,0.3225,91.0687,-49.687,-90.1221,1.65,0.3302854977137204
1584400,-0.0171,-0.0339,0.312,91.7176,-60.6183,-93.916,1.65,0.31430179764042077
1584410,0.0598,-0.0396,0.2942,93.4504,-69.145,-96.9695,1.66,0.302816512099324
1584410,0.1147,-0.0181,0.2634,89.7786,-75.9618,-99.1679,1.66,0.2878597922600515
1584420,0.1216,-0.0427,0.2454,80.4885,-81.8168,-101.4198,1.67,0.2771840724139827
1584430,0.1245,-0.1384,0.2524,79.2137,-89.0992,-109.4351,1.68,0.3136248874053206
1584430,0.3213,-0.0728,0.1992,73.0992,-94.4962,-107.0305,1.68,0.38498593480801346
1584440,0.3401,-0.1172,0.1091,67.6107,-95.4504,-104.8855,1.69,0.3759077812442834
1584440,0.3948,-0.1211,0.0818,62.5344,-94.3511,-103.9771,1.69,0.420979203761896
1584450,0.4224,-0.1279,0.0908,55.0,-97.0,-105.8168,1.7,0.450582744898204
1584450,0.4758,-0.1375,0.0256,46.6565,-98.2214,-111.5802,1.7,0.49593069072199997
1584460,0.5901,-0.1345,-0.1274,46.3969,-93.313,-115.4809,1.71,0.6184973888384655
1584460,0.7136,-0.0615,-0.1721,50.8931,-85.0916,-113.0,1.71,0.7366312646093702
1584470,0.7292,-0.0593,-0.2263,51.8397,-75.3588,-105.313,1.72,0.7658072995212307
1584470,0.7056,-0.0923,-0.2959,47.7252,-62.0916,-102.1679,1.72,0.7706798686873818
1584480,0.7146,-0.103,-0.3848,41.374,-47.4427,-101.0153,1.73,0.8181278628674127
1584480,0.7371,-0.062,-0.5132,33.2214,-28.8168,-97.4198,1.73,0.9002969787797801
1584490,0.7258,-0.0657,-0.626,26.3664,-10.374,-96.084,1.74,0.9607175079075014
1584500,0.7039,-0.0308,-0.7297,21.3282,5.4885,-92.9008,1.75,1.014340150048296
1584500,0.6287,-0.0186,-0.7935,16.9542,15.0916,-90.9008,1.75,1.0125472334661727
1584510,0.5752,-0.0266,-0.824,10.2672,17.3053,-87.2137,1.76,1.0052554899128876
1584510,0.7783,-0.1985,-0.603,2.1145,-0.1527,-76.2901,1.76,1.0043715149286145
1584520,0.9585,-0.3999,-0.3892,-11.3817,-50.0458,-67.5191,1.77,1.109107253605349
1584520,1.2314,-0.3682,-0.5095,-17.9084,-109.7863,-65.0153,1.77,1.382572764812037
1584530,0.4375,0.1868,-1.9097,2.5038,-128.1832,-69.145,1.78,1.9680585814451763
1584530,-0.4604,1.1453,-2.0,7.4351,-68.771,-54.5954,1.78,2.35025110360574
1584540,-1.7993,1.0591,-2.0,30.3511,-38.5115,-67.4198,1.79,2.8912234953389544
1584540,-2.0,0.4514,-2.0,92.4885,-15.5725,-111.0305,1.79,2.8642210040428093
1584550,-2.0,0.4385,-2.0,169.0153,54.084,-129.8397,1.8,2.8622163178208595
1584550,-2.0,-0.3264,-2.0,195.687,111.1832,-151.0076,1.8,2.8471980893503
1584560,-2.0,-1.1401,-0.3311,127.4657,97.4962,-222.0611,1.81,2.3258235573662933
1584570,-2.0,-1.3621,0.1807,49.916,25.1985,-250.1374,1.82,2.4265137337340583
1584570,-2.0,-0.2043,-1.8867,63.0611,43.0992,-250.1374,1.82,2.757059190514415
1584580,-2.0,1.1055,-2.0,183.8779,151.687,-250.1374,1.83,3.036796050115977
1584580,-2.0,1.9999,-2.0,250.1298,199.6718,-250.1374,1.83,3.4640438810731022
1584590,-2.0,1.9999,-2.0,250.1298,161.7252,-250.1374,1.84,3.4640438810731022
1584590,-2.0,1.9999,-2.0,239.9847,34.8702,-250.1374,1.84,3.4640438810731022
1584600,-2.0,1.9999,-2.0,130.084,-24.3588,-250.1374,1.85,3.4640438810731022
1584600,-2.0,1.9999,-2.0,58.916,-130.8779,-239.7786,1.85,3.4640438810731022
1584610,-2.0,1.9999,-0.9951,7.4962,-143.1221,-174.2443,1.86,2.9983035236613387
1584620,-2.0,1.9999,-1.0435,-10.2443,-250.1374,-112.6031,1.87,3.0147126330713516
1584620,-1.707,1.9999,-2.0,-22.542,57.687,-49.9618,1.87,3.303550969789932
1584630,-2.0,1.8911,-2.0,-25.8321,204.5038,7.4427,1.88,3.40239022012467
1584630,-2.0,1.6033,-2.0,-26.7481,228.2519,23.2748,1.88,3.251241438281691
1584640,-2.0,1.4929,-2.0,-40.6641,189.5038,50.1221,1.89,3.1982417685347055
1584640,-2.0,1.3403,-1.9026,-48.6031,103.0076,-27.9542,1.89,3.0685975379642083
1584650,-2.0,1.1914,-2.0,-2.4733,27.8473,-212.6947,1.9,3.0691096363603565
1584650,-1.6199,1.4443,-1.6335,-10.1756,58.2366,-82.4504,1.9,2.7163211794631352
1584660,-2.0,0.7227,-1.2361,0.5649,-13.1832,-38.4656,1.91,2.4597232567913
1584660,-2.0,0.5073,-1.1389,7.5649,-68.0763,-24.9389,1.91,2.356787326001224
1584670,-1.5142,0.4272,-1.0344,9.4427,-92.1374,-12.9618,1.92,1.8828926788322269
1584670,-1.2251,0.3455,-1.1169,7.1603,-102.1603,-2.0229,1.92,1.6934302081869215
1584680,-0.9927,0.2856,-1.2664,3.4122,-98.5343,5.5649,1.93,1.6342550627120602
1584680,-0.8809,0.2034,-1.2957,-4.0382,-86.4504,14.3893,1.93,1.5799350809447836
1584690,-0.7749,0.1799,-1.2454,-8.9466,-81.4733,23.6107,1.94,1.4777872580314124
1584700,-0.6387,0.2874,-1.3801,-11.9466,-70.6412,33.7099,1.95,1.547647395242211
1584700,-0.5461,0.4158,-1.2532,-9.1221,-65.4885,40.2824,1.95,1.4288544677468031
1584710,-0.4329,0.4575,-1.1204,-4.8931,-65.4046,48.0992,1.96,1.2853033960898104
1584710,-0.3438,0.3464,-1.04,-3.5344,-68.7863,51.3206,1.96,1.1488217442231845
1584720,-0.2222,0.2798,-0.9075,-5.7099,-64.8702,54.7176,1.97,0.9753036091392259
1584720,-0.1196,0.2258,-0.7935,-10.1679,-68.7939,61.9924,1.97,0.8336258453287062
1584730,-0.0186,0.1838,-0.772,-12.5496,-71.9771,69.0229,1.98,0.7937961955061261
1584730,0.0671,0.1233,-0.7622,-15.313,-68.1298,81.9237,1.98,0.7750187997719797
1584740,0.1555,0.0239,-0.6616,-17.2137,-61.4656,92.9542,1.99,0.6800485423850271
1584740,0.1023,-0.0237,-0.6716,-21.6718,-51.3206,102.1374,1.99,0.6797599134988764
1584750,0.1228,-0.0415,-0.6917,-25.4351,-33.7863,111.2519,2.0,0.7037407050895947
1584750,0.0549,-0.0669,-0.6443,-27.313,-11.6794,117.5191,2.0,0.6500862327414725
1584760,0.0371,-0.0906,-0.5837,-28.6718,9.2977,120.2214,2.01,0.591853410905099
1584770,0.0002,-0.1077,-0.5991,-28.0305,28.6489,117.5267,2.02,0.608703655320058
1584770,-0.0149,-0.0986,-0.5002,-20.3588,38.145,111.2443,2.02,0.5100431452338126
1584780,-0.0891,-0.0554,-0.4932,-16.8473,40.9847,95.771,2.03,0.5042362640667567
1584780,-0.0371,-0.0012,-0.4824,-13.2824,46.0458,79.5802,2.03,0.4838260121159258
1584790,-0.1299,0.0181,-0.3342,-8.3664,36.0763,62.8702,2.04,0.35901428940921
1584790,-0.0923,0.0725,-0.2832,-4.6107,27.5573,52.5267,2.04,0.30655795536896446
1584800,-0.2134,0.0815,-0.2354,-2.0687,20.9008,42.8168,2.05,0.32801672213471067
1584800,-0.2839,0.1172,-0.1741,0.1832,13.2824,34.7634,2.05,0.3530522057713278
1584810,-0.3357,0.116,-0.1311,3.5267,1.9084,30.2366,2.06,0.37859965662953265
1584810,-0.3567,0.0957,-0.1436,7.2137,-6.084,27.3359,2.06,0.396250350157574
1584820,-0.3828,0.0984,-0.1262,9.0763,-8.2214,24.5267,2.07,0.41490341044633505
1584820,-0.4438,0.0898,-0.1968,8.5496,-6.3664,21.3893,2.07,0.4937131960966812
1584830,-0.5281,0.1538,-0.2837,7.2214,3.2595,17.1069,2.08,0.6188939650699464
1584830,-0.5808,0.217,-0.374,7.8397,13.8321,13.3664,2.08,0.7240812385361189
1584840,-0.6641,0.2922,-0.4441,9.855,23.3435,9.0229,2.09,0.8506670676592577
1584840,-0.6846,0.3396,-0.5198,13.542,31.9618,6.0076,2.09,0.9242279805329419
1584850,-0.6855,0.3516,-0.5344,17.8397,38.1679,4.5267,2.1,0.9376119506490945
1584850,-0.6978,0.3572,-0.5693,22.1527,44.145,2.2748,2.1,0.9688236010750357
1584860,-0.7007,0.374,-0.6201,26.0763,50.458,-1.3664,2.11,1.0076609052652583
1584860,-0.6704,0.417,-0.6609,28.0534,57.4351,-5.2366,2.11,1.0296183613358885
1584870,-0.7156,0.4458,-0.6782,27.626,60.9389,-11.2748,2.12,1.0820241402112987
1584870,-0.6211,0.4995,-0.7937,25.0611,70.2061,-21.8473,2.12,1.124822274850565
1584880,-0.5869,0.5339,-0.8086,28.3588,80.8015,-21.229,2.13,1.1328436697091087
1584880,-0.6384,0.5938,-0.6919,28.9008,78.5496,-16.8931,2.13,1.1130492397014609
1584890,-0.6772,0.6211,-0.7173,22.9084,66.5878,-13.6565,2.14,1.1657119455508724
1584900,-0.6257,0.688,-0.7979,14.2519,58.1298,-10.4504,2.15,1.2253525615103598
1584900,-0.5972,0.7212,-0.8848,6.6183,52.8626,-7.4046,2.15,1.2882733871348893
1584910,-0.5894,0.7732,-0.9673,1.3435,48.1374,1.4733,2.16,1.3714590369383988
1584910,-0.5857,0.7805,-0.9807,-1.458,41.4122,3.313,2.16,1.3834728873382376
1584920,-0.5374,0.8079,-1.0327,-5.542,35.0916,5.5191,2.17,1.4170287435334543
1584920,-0.5024,0.77,-1.0732,-8.1527,29.9618,4.7252,2.17,1.4131751483804122
1584930,-0.407,0.7737,-1.0896,-9.4427,24.0,5.6718,2.18,1.3969569964748378
1584930,-0.3708,0.7488,-1.0891,-9.0611,15.687,6.6489,2.18,1.3727100531430518
1584940,-0.333,0.7332,-1.0764,-6.2595,4.9008,7.4122,2.19,1.3442872460899122
1584940,-0.29,0.7292,-1.0449,-0.9618,-7.229,7.8015,2.19,1.3067703126410548
1584950,-0.2974,0.7415,-1.0369,2.0076,-16.4351,8.4656,2.2,1.3089807561610676
1584950,-0.3181,0.7646,-1.0098,3.6489,-22.0153,10.8855,2.2,1.3059467102451003
1584960,-0.3511,0.7729,-0.9526,4.374,-24.9237,14.0229,2.21,1.2759672331216034
1584960,-0.3772,0.7693,-0.9111,3.7557,-26.0611,16.542,2.21,1.2506820299340677
1584970,-0.415,0.7434,-0.8628,2.3664,-26.5496,18.5573,2.22,1.212143720851616
1584970,-0.4614,0.7141,-0.8123,0.0382,-26.8397,18.3511,2.22,1.175865664096031
1584980,-0.4817,0.7039,-0.7371,-2.6183,-26.1221,18.1527,2.23,1.127309411829778
1584980,-0.5083,0.7021,-0.6873,-7.2977,-26.626,17.9466,2.23,1.1062072997408758
1584990,-0.5117,0.6956,-0.6643,-10.9771,-26.7939,17.2595,2.24,1.089491046314746
1584990,-0.522,0.6907,-0.6428,-14.0687,-27.6031,17.5954,2.24,1.0783053046331543
1585000,-0.5303,0.6931,-0.6379,-18.3588,-27.5802,18.6565,2.25,1.0809820118762383
1585000,-0.5188,0.6799,-0.6406,-21.1221,-25.9389,19.6794,2.25,1.0685437801044932
1585010,-0.5332,0.6606,-0.6121,-24.2137,-24.7786,20.5191,2.26,1.0465949598579194
1585020,-0.5,0.6252,-0.605,-25.313,-22.3817,17.6718,2.27,1.0034440891250493
1585020,-0.4592,0.6074,-0.6033,-21.7939,-18.6107,14.6031,2.27,0.9714784042890506
1585030,-0.4211,0.575,-0.6084,-16.7863,-14.9466,12.2061,2.28,0.9370703121964755
1585030,-0.3865,0.5603,-0.582,-9.6641,-12.3817,9.4198,2.28,0.8955681660264616
1585040,-0.374,0.5422,-0.5776,-4.5725,-11.7939,10.4885,2.29,0.8760585596865086
1585040,-0.355,0.5132,-0.6201,-1.4733,-9.374,12.9466,2.29,0.8797290776142391
1585050,-0.3213,0.5134,-0.6128,2.5038,-8.8321,13.3511,2.3,0.861589861825219
1585050,-0.2856,0.5222,-0.6462,5.4504,-7.2672,16.0916,2.3,0.8785411999445445
1585060,-0.2974,0.4885,-0.6736,7.5267,-7.4046,16.0534,2.31,0.8836379179279259
1585060,-0.2375,0.5007,-0.6765,12.1985,-6.0687,17.6718,2.31,0.8745049971269461
1585070,-0.2393,0.4902,-0.6938,11.3969,-1.6183,20.8779,2.32,0.882563861712001
1585070,-0.1965,0.5078,-0.7117,14.1145,3.0,20.9466,2.32,0.8960970817941547
1585080,-0.2129,0.4912,-0.7163,15.8168,7.3511,20.6107,2.33,0.8942536217427359
1585080,-0.1716,0.5061,-0.7151,18.2443,11.4351,18.8397,2.33,0.8927215579339395
1585090,-0.1846,0.5264,-0.709,19.374,15.0305,19.4046,2.34,0.9021391910342882
1585090,-0.1958,0.5471,-0.708,20.2672,17.3053,18.2214,2.34,0.9159257884785208
1585100,-0.1895,0.5686,-0.7075,20.7939,19.542,16.7252,2.35,0.9272391600876227
1585100,-0.199,0.5879,-0.7134,21.2137,20.8015,16.0763,2.35,0.9456040238916077
1585110,-0.2258,0.6003,-0.7324,21.0305,22.0229,15.8702,2.36,0.9735273442487375
1585110,-0.2402,0.6135,-0.7412,20.2824,21.5114,15.2901,2.36,0.9916933649067134
1585120,-0.2529,0.6262,-0.7502,19.458,20.6641,15.2595,2.37,1.0093982811556594
1585120,-0.2744,0.6245,-0.7549,18.3588,19.7176,14.4656,2.37,1.0174328577355853
1585130,-0.2678,0.6277,-0.7639,16.9924,17.8702,14.084,2.38,1.024337512736891
1585140,-0.2871,0.623,-0.7603,16.0458,15.4351,14.4351,2.39,1.024017333837665
1585140,-0.2986,0.6216,-0.7661,14.687,12.9389,14.0687,2.39,1.0307559022387405
1585150,-0.3118,0.6228,-0.7681,13.4122,11.1832,14.6718,2.4,1.0368590502088506
1585150,-0.3425,0.6201,-0.7642,12.6412,9.3893,15.4275,2.4,1.042032581064527
1585160,-0.355,0.6194,-0.7542,11.7405,7.5573,15.4809,2.41,1.0385080644848166
1585160,-0.3679,0.6267,-0.7502,10.7863,6.6336,15.6031,2.41,1.0444631826924298
1585170,-0.3789,0.6208,-0.7524,9.8244,5.8092,16.3359,2.42,1.046452870415099
1585170,-0.3889,0.615,-0.7522,9.5725,4.855,16.6794,2.42,1.0465529370270765
1585180,-0.3999,0.6096,-0.7458,8.9008,4.7557,16.6031,2.43,1.042952448580471
1585180,-0.3928,0.606,-0.7507,8.8321,4.6947,15.8092,2.43,1.0416709317246018
1585190,-0.3914,0.5974,-0.7595,8.5954,5.3893,14.9771,2.44,1.0425550201308322
1585190,-0.3804,0.593,-0.7644,7.9008,5.9008,14.1985,2.44,1.0395482287994144
1585200,-0.375,0.5991,-0.7786,7.2519,7.2824,13.3969,2.45,1.0515530276690757
1585200,-0.3643,0.6023,-0.7827,6.687,8.542,12.8168,2.45,1.0526628472592732
1585210,-0.3691,0.5952,-0.7954,5.855,9.4504,11.4962,2.46,1.059791965434726
1585210,-0.3577,0.5903,-0.7974,4.542,10.229,9.9847,2.46,1.0546327038357952
1585220,-0.3491,0.5938,-0.7991,3.4962,10.6489,8.3435,2.47,1.05500239810154
1585220,-0.3352,0.5894,-0.7952,2.4427,10.6336,7.2519,2.47,1.0450332243522213
1585230,-0.3274,0.5815,-0.8027,1.2901,10.6183,5.0611,2.48,1.0438679514191438
1585230,-0.3015,0.5859,-0.8,0.1298,10.8244,4.0305,2.48,1.0364270644864502
1585240,-0.2961,0.5754,-0.7922,-0.7557,9.9313,2.9313,2.49,1.0229082119134638
1585240,-0.2771,0.5784,-0.7961,-1.5573,8.6947,1.2061,2.49,1.0223043480294898
1585250,-0.2698,0.5803,-0.7942,-2.0382,7.4733,0.2901,2.5,1.019947925141279
1585250,-0.2612,0.5769,-0.803,-2.2443,5.8244,-0.771,2.5,1.0226671257061117
1585260,-0.251,0.5803,-0.8142,-1.8931,4.7557,-1.5344,2.51,1.030859219292334
1585260,-0.2417,0.5737,-0.803,-1.9542,3.4198,-1.5802,2.51,1.0160509731307776
1585270,-0.2407,0.5715,-0.8096,-2.0687,2.7405,-1.4656,2.52,1.0198043439797655
1585270,-0.2366,0.572,-0.8015,-2.1756,1.7023,-1.7023,2.52,1.012702231655485
1585280,-0.2385,0.5679,-0.8086,-2.0305,0.5649,-1.6336,2.53,1.016477555089142
1585280,-0.2385,0.5674,-0.8052,-2.2061,-0.6183,-1.771,2.53,1.0134949679204135
1585290,-0.2358,0.5635,-0.8057,-2.4046,-1.9695,-2.313,2.54,1.0110817869984603
1585290,-0.2329,0.5637,-0.7947,-2.458,-2.4809,-1.9618,2.54,1.0017725240791941
1585300,-0.2422,0.5566,-0.7922,-3.1527,-2.9313,-2.0458,2.55,0.9980206611087769
1585300,-0.2446,0.5576,-0.8013,-3.6794,-2.4198,-2.4733,2.55,1.0063938642499766
1585310,-0.2527,0.5544,-0.7981,-3.6489,-2.145,-3.0382,2.56,1.004081799456598
1585310,-0.2568,0.551,-0.7949,-3.3435,-1.9084,-3.6412,2.56,1.0007063755168146
1585320,-0.2639,0.5486,-0.7964,-3.3359,-1.4809,-3.855,2.57,1.0024261219661028
1585320,-0.2698,0.5361,-0.7915,-2.9389,-0.2443,-4.6565,2.57,0.9933113811892019
1585330,-0.2766,0.5354,-0.7769,-2.7481,0.3206,-4.4885,2.58,0.9832264896757004
1585330,-0.283,0.5315,-0.7812,-2.3588,0.8473,-4.6794,2.58,0.986333964740138
1585340,-0.2859,0.53,-0.7839,-2.1221,1.6489,-4.3053,2.59,0.9885029185591716
1585340,-0.2983,0.5271,-0.7778,-2.229,2.3969,-3.9313,2.59,0.9857941671566129
1585350,-0.3042,0.5232,-0.7698,-2.4122,2.3282,-4.084,2.6,0.9792180145401739
1585350,-0.3081,0.5247,-0.7659,-2.6565,2.0916,-3.8702,2.6,0.9781812255405438
1585360,-0.3127,0.5273,-0.7551,-2.8626,1.0687,-3.9466,2.61,0.9726266447100861
1585370,-0.312,0.531,-0.7476,-2.9313,-0.1679,-4.1832,2.62,0.9686128018976417
1585370,-0.3181,0.5347,-0.7371,-3.1527,-1.5115,-4.2824,2.62,0.9645766480689857
1585380,-0.3201,0.5403,-0.7437,-3.2595,-2.687,-4.1298,2.63,0.9733847081190459
1585380,-0.3179,0.5493,-0.752,-3.2748,-3.5725,-4.0687,2.63,0.9840197660616377
1585390,-0.3174,0.5491,-0.7673,-2.7481,-3.0,-4.084,2.64,0.9954912656573136
1585390,-0.324,0.5562,-0.772,-2.7023,-2.4733,-3.9313,2.64,1.0051459794477615
1585400,-0.3242,0.5576,-0.7776,-3.1679,-1.3435,-3.7557,2.65,1.010289641637486
1585400,-0.3271,0.5605,-0.7769,-3.0763,-0.7405,-3.687,2.65,1.012288629788955
1585410,-0.332,0.5608,-0.7788,-2.9771,-0.2519,-3.5954,2.66,1.0155048399687714
1585410,-0.3303,0.5654,-0.7717,-2.7786,-0.0992,-3.2443,2.66,1.0120751651927835
1585420,-0.3289,0.5645,-0.7781,-2.8855,-0.1221,-3.1908,2.67,1.016009384799176
1585420,-0.3315,0.5679,-0.7795,-2.8473,0.1221,-3.1603,2.67,1.0198151352083376
1585430,-0.3291,0.5686,-0.7803,-2.9695,-0.0382,-3.2672,2.68,1.020039636484779
1585430,-0.3201,0.5737,-0.7739,-3.687,0.3435,-3.687,2.68,1.015143787844855
1585440,-0.3201,0.5718,-0.7786,-3.6183,0.5878,-3.5725,2.69,1.0176626209112722
1585440,-0.323,0.5725,-0.7791,-3.8244,-0.0687,-3.6794,2.69,1.0193537462529876
1585450,-0.321,0.5706,-0.7776,-3.9313,-0.4733,-3.916,2.7,1.0165073142875067
1585450,-0.321,0.5652,-0.7812,-4.084,-0.7786,-4.1679,2.7,1.016250697416735
1585460,-0.3232,0.5674,-0.7871,-3.7252,-1.4046,-3.5802,2.71,1.0227059254741804
1585460,-0.3218,0.5618,-0.7817,-3.4122,-2.1298,-3.5496,2.71,1.0150021527070767
1585470,-0.3201,0.564,-0.7869,-3.0534,-2.7023,-3.2137,2.72,1.0196919240633417
1585470,-0.3149,0.5593,-0.7896,-2.6947,-2.6718,-3.145,2.72,1.017568995203765
1585480,-0.3164,0.5574,-0.7915,-2.1756,-2.9847,-2.4809,2.73,1.0184674614340903
1585480,-0.3171,0.5588,-0.7903,-2.0305,-3.4046,-2.542,2.73,1.018520466166488
